city,latitude,longitude,temperature_C,humidity_%,wind_speed_mps,timestamp,PM2_5,PM10,NO2,CO,SO2,O3,hour,day,month,AQI_score,source_domain,cause_type,confidence
Diphu,25.8371941,93.4383663,19.27,89,0.84,2026-03-22 03:21:36.703161,0.190764711282475,0.1823226636641467,0.0832672482157018,0.2783003968853427,0.0781414994720168,0.4628510487024529,3,22,3,0.2126079280370226,Natural,Natural,0.36
Hojai,25.9629402,92.981829,20.11,84,1.88,2026-03-22 03:21:38.240370,0.2530983200220325,0.246018980215538,0.1784298176050753,0.3096392325967836,0.1193241816261879,0.6487735513686456,3,22,3,0.2925473472390438,Vehicular,Human Activity,0.37
Wokha,26.242251,94.1921153,17.11,97,0.53,2026-03-22 03:21:38.916071,0.0623336087395575,0.0514717709506192,0.0,0.1459274619937651,0.0031678986272439,0.9289015286171348,3,22,3,0.1986337114880534,Natural,Natural,0.78
Mon,26.666667,95.0,15.76,99,1.17,2026-03-22 03:21:40.194479,0.0038556871385293,0.0,0.0055511498810467,0.0982600216982297,0.0031678986272439,0.7172058300746532,3,22,3,0.1380067645699505,Natural,Natural,0.87
Tuensang,26.2342107,94.741553,12.86,99,0.96,2026-03-22 03:21:41.135506,0.0349765904709446,0.0273443783175164,0.0103092783505154,0.1266874493593529,0.0,0.7948809100604336,3,22,3,0.1656997677597938,Natural,Natural,0.8
Zunheboto,26.0123803,94.5123719,14.68,99,0.6,2026-03-22 03:21:42.114445,0.0605893693197466,0.0524368666559433,0.0293417922283901,0.1531098507216721,0.0095036958817317,0.7275151084251689,3,22,3,0.1720827805387755,Natural,Natural,0.7
Champhai,23.6317319,93.3493185,16.17,76,1.15,2026-03-22 03:21:42.978208,0.1125493436151657,0.1005308026379282,0.0031720856463124,0.18746995893816,0.0073917634635691,0.5787415570565233,3,22,3,0.1649759185596098,Vehicular,Human Activity,0.58
Lunglei,22.9519972,92.6338827,23.5,72,1.35,2026-03-22 03:21:43.860048,0.171761681814009,0.1655943381051954,0.1768437747819191,0.2393946468544432,0.1425554382259767,0.900817632420903,3,22,3,0.2994945853670744,Vehicular,Human Activity,0.5
Serchhip,23.3052514,92.8455124,15.97,80,1.19,2026-03-22 03:21:44.731516,0.157715964380795,0.1540131896413061,0.1435368754956383,0.2495983080873971,0.0960929250263991,0.8075008887308923,3,22,3,0.2680763585604047,Vehicular,Human Activity,0.5
Saiha,22.2876724,93.01336,18.21,65,1.14,2026-03-22 03:21:45.640748,0.1408243826310474,0.1376869872929065,0.0293417922283901,0.2552837936196218,0.0295670538542766,0.4857803057234269,3,22,3,0.1797473858916116,Vehicular,Human Activity,0.45
Talcher,20.9322302,85.2005822,25.67,57,2.1,2026-03-22 03:21:46.520345,0.306343523363628,0.3171947884831913,0.3298969072164949,0.365161981405441,0.129883843717001,0.5725204408105224,3,22,3,0.3368335808327131,Vehicular,Human Activity,0.28
Dhanbad,23.7952809,86.4309638,21.52,61,2.33,2026-03-22 03:21:47.442363,0.6866795189571284,0.687067717548657,0.3655828707375099,0.5993106005465756,0.6388595564941921,0.8565588339850692,3,22,3,0.6390098497115221,Industrial,Human Activity,0.22
Asansol,23.6871297,86.9746587,21.61,66,1.65,2026-03-22 03:21:48.403795,1.0,1.0,0.8120539254559872,1.0,1.0,0.6333096338428722,3,22,3,0.9075605932164764,Vehicular,Burning,0.18
Kharagpur,22.34309,87.3012875,23.13,58,2.31,2026-03-22 03:21:49.286915,0.6566602405214358,0.635193823387486,0.5289452815226011,0.7421755908647706,0.8183738120380147,0.9189477426235336,3,22,3,0.716716081826307,Industrial,Human Activity,0.21
Sindri,23.6751544,86.4896289,21.92,60,2.46,2026-03-22 03:21:50.152130,0.6866795189571284,0.687067717548657,0.3655828707375099,0.5993106005465756,0.6388595564941921,0.8565588339850692,3,22,3,0.6390098497115221,Industrial,Human Activity,0.22
Rajgangpur,22.1861154,84.5835067,24.85,43,1.62,2026-03-22 03:21:51.056495,0.2986321490865694,0.3121280360302397,0.3608247422680412,0.3601494156584314,0.4012671594508975,0.7424457874155704,3,22,3,0.4125745483182916,Vehicular,Human Activity,0.3
Bellary,15.1430224,76.9173277,28.48,37,1.88,2026-03-22 03:21:51.987391,0.2984485449371156,0.3872446517612997,0.923076923076923,0.3409506021945425,0.1615628299894403,0.3730892285815854,3,22,3,0.4140621300901511,Vehicular,Human Activity,0.37
Hospet,15.266493,76.3872297,28.0,31,1.98,2026-03-22 03:21:52.898150,0.3144221059395942,0.4373492037960431,1.0,0.3687051100704506,0.1615628299894403,0.2561322431567721,3,22,3,0.4230285821587167,Vehicular,Human Activity,0.39
Kudremukh,13.2190695,75.2510322,24.2,51,0.41,2026-03-22 03:21:53.506154,0.2179381254016341,0.3731703393919898,0.0229976209357652,0.0,0.0844772967265047,1.0,3,22,3,0.2830972304093156,Urban Dust,Human Activity,0.59
Neyveli,11.535987,79.4824392,27.79,69,1.99,2026-03-22 03:21:54.376991,0.0386486734600201,0.0905581470162458,0.4044409199048375,0.3199527582844665,0.1520591341077085,0.0,3,22,3,0.1676099387955464,Vehicular,Human Activity,0.4
Srikakulam,18.2949307,83.8938844,29.07,54,2.26,2026-03-22 03:21:55.315362,0.0265307995960708,0.0545279073508122,0.0832672482157018,0.1569688396940274,0.2428722280887011,0.3890863846427301,3,22,3,0.1588755679313406,Industrial,Human Activity,0.41
Prakasam,15.6642644,79.4733001,27.76,62,2.77,2026-03-22 03:21:56.226367,0.1080510419535481,0.142029917966865,0.4147501982553529,0.224988670228106,0.3072861668426609,0.413970849626733,3,22,3,0.2685128074788777,Vehicular,Human Activity,0.26
Eluru,16.7104257,81.1153816,28.78,59,1.87,2026-03-22 03:21:57.145301,0.0,0.0294354190123854,0.0317208564631244,0.0947168930332202,0.1562829989440337,0.3067899040170636,3,22,3,0.1031576785783046,Industrial,Human Activity,0.5
Nellore,14.4493717,79.9873763,28.92,61,4.06,2026-03-22 03:21:57.885256,0.0528779950426879,0.0953836255428663,0.2902458366375892,0.1810154222228325,0.2344244984160506,0.1285104870245289,3,22,3,0.1637429774810926,Vehicular,Human Activity,0.3
Kadapa,14.4752936,78.8216861,29.88,45,2.61,2026-03-22 03:21:58.569678,0.1853483888735885,0.2031526459707254,0.3560666137985726,0.2112418803301426,0.3949313621964097,0.9793814432989691,3,22,3,0.3883537224114013,Vehicular,Human Activity,0.42
Churu,28.2047781,74.6912996,21.73,48,1.72,2026-03-22 03:24:14.687203,0.1666245472159043,0.3995296192856092,0.3962350780532598,0.2030671811615711,0.0396190476190476,0.3888888888888888,3,22,3,0.2656607270373802,Vehicular,Human Activity,0.25
Sikar,27.6624156,75.0279971,22.37,46,3.02,2026-03-22 03:24:15.800770,0.1704152977845169,0.335440246949875,0.3145087235996327,0.2053131493024635,0.0933333333333333,0.5619047619047618,3,22,3,0.2801525854790972,Vehicular,Human Activity,0.33
Barmer,25.5814853,71.1924922,23.34,58,0.25,2026-03-22 03:24:16.474773,0.2085755201752169,0.6533882110833457,0.0463728191000918,0.0314633422380528,0.0266666666666666,0.3986568986568987,3,22,3,0.2275205763200454,Urban Dust,Human Activity,0.48
Jaisalmer,26.9116615,70.9124888,22.44,61,1.42,2026-03-22 03:24:17.404234,0.1693201920646955,0.5680582096134059,0.1000918273645546,0.1032947462154941,0.0179047619047619,0.3398046398046398,3,22,3,0.2164123961612586,Urban Dust,Human Activity,0.44
Dausa,26.8048659,76.4437457,22.59,42,2.59,2026-03-22 03:24:18.355081,0.1463229719484458,0.2442304865500514,0.2874196510560147,0.2052241021074502,0.0335238095238095,0.395970695970696,3,22,3,0.2187819528594113,Vehicular,Human Activity,0.3
Tonk,26.1223198,75.6632235,23.76,38,4.31,2026-03-22 03:24:19.022792,0.1546626231993935,0.2362928119947082,0.3292011019283747,0.2183635104383101,0.0624761904761904,0.4084249084249084,3,22,3,0.2349035244103142,Vehicular,Human Activity,0.29
Bundi,25.4367659,75.7361471,24.19,31,1.92,2026-03-22 03:24:19.978003,0.1374778872883497,0.1938115537262972,0.2718089990817264,0.2178589096665676,0.0765714285714285,0.4417582417582418,3,22,3,0.2232145033487685,Vehicular,Human Activity,0.33
Chittorgarh,24.7171578,74.4718129,24.39,28,2.35,2026-03-22 03:24:20.909569,0.1852413444528683,0.2667205644568573,0.3131313131313131,0.2366577619471652,0.0685714285714285,0.3931623931623931,3,22,3,0.2439141342870042,Vehicular,Human Activity,0.27
Bhilwara,25.470994,74.6961316,22.68,34,1.31,2026-03-22 03:24:21.811644,0.191138067559599,0.2903130971630163,0.3682277318640955,0.2323736024537449,0.0773333333333333,0.4079365079365079,3,22,3,0.2612203900517161,Vehicular,Human Activity,0.26
Hanumangarh,29.3659533,74.298429,21.49,51,2.19,2026-03-22 03:24:22.799182,0.3313958385982646,0.8773335293252977,0.2162534435261708,0.15160779657663,0.0377142857142857,0.5376068376068376,3,22,3,0.3586519552245811,Urban Dust,Human Activity,0.41
Hazaribagh,24.0866962,85.4912231,19.94,58,2.58,2026-03-22 03:24:23.728948,0.1941706680144891,0.2023372041746288,0.0651974288337924,0.1447610566933808,0.0708571428571428,0.7052503052503053,3,22,3,0.2304289676372899,Vehicular,Human Activity,0.51
Giridih,24.3314547,86.1548117,20.09,67,1.83,2026-03-22 03:24:24.591660,0.224412433661865,0.2382037336469205,0.1276400367309458,0.1996537053527258,0.107047619047619,0.7787545787545788,3,22,3,0.2792853511991091,Vehicular,Human Activity,0.46
Deoghar,24.4898318,86.6990182,20.42,69,1.24,2026-03-22 03:24:25.491564,0.4254906916013815,0.4550198441863883,0.4288337924701561,0.4789057089146136,0.3893333333333333,0.4918192918192918,3,22,3,0.4449004437208608,Vehicular,Human Activity,0.18
Palamu,24.2212983,84.1725565,21.87,57,3.07,2026-03-22 03:24:26.389867,0.2849802038581417,0.2908275760693811,0.54178145087236,0.1134461264470169,1.0,0.8228327228327228,3,22,3,0.5089780133466038,Industrial,Human Activity,0.33
Dumka,24.2677937,87.2485495,21.32,66,1.32,2026-03-22 03:24:26.976193,1.0,1.0,1.0,1.0,0.915047619047619,0.2172161172161172,3,22,3,0.8553772893772894,Vehicular,Burning,0.19
Koderma,24.4931239,85.5560811,20.36,64,1.93,2026-03-22 03:24:28.617824,0.1801870103613849,0.1809495810671762,0.0523415977961432,0.1158602948451568,0.1272380952380952,1.0,3,22,3,0.2760960965513261,Urban Dust,Human Activity,0.6
Nanded,19.0942729,77.4832628,26.99,21,5.27,2026-03-22 03:24:29.256640,0.2565916940443097,0.2970748199323827,0.4595959595959596,0.2314831305036113,0.1257142857142857,0.4076923076923077,3,22,3,0.2963586995804761,Vehicular,Human Activity,0.26
Latur,18.3553347,76.7548997,26.13,32,5.13,2026-03-22 03:24:30.156212,0.2727655631370567,0.3176539761869764,0.5716253443526171,0.2363114672998911,0.1634285714285714,0.381074481074481,3,22,3,0.3238099005799323,Vehicular,Human Activity,0.29
Osmanabad,18.2822454,76.0588166,25.78,32,6.99,2026-03-22 03:24:31.060352,0.2250021059725381,0.2963398500661472,0.3631772268135905,0.1731671119026417,0.128,0.4324786324786325,3,22,3,0.269694154538925,Vehicular,Human Activity,0.27
Beed,18.9918442,75.909784,26.23,24,4.73,2026-03-22 03:24:31.679443,0.1688989975570718,0.219241511098045,0.2598714416896235,0.1283961610764816,0.1215238095238095,0.51001221001221,3,22,3,0.2346573551595402,Vehicular,Human Activity,0.36
Satara,17.6361289,74.2982781,24.96,24,4.78,2026-03-22 03:24:32.515550,0.486732373009856,0.6022343083933559,0.36455463728191,0.3042050064311863,0.2815238095238095,0.6778998778998779,3,22,3,0.4528583354233326,Urban Dust,Human Activity,0.25
Almora,29.702651,79.4326318,16.35,57,0.41,2026-03-22 03:55:33.291092,0.5249768343020806,0.5437307070410113,0.3489439853076217,0.5104086276837835,0.3036190476190476,0.3769496493248195,3,22,3,0.4347714752130607,Vehicular,Human Activity,0.21
Bageshwar,30.0087902,79.9280183,13.37,69,2.28,2026-03-22 03:55:34.289785,0.3805913570887035,0.3928413935028664,0.1988062442607897,0.3659839715048975,0.1779047619047619,0.6001256149900555,3,22,3,0.3527088905420124,Vehicular,Human Activity,0.28
Champawat,29.235032,80.1023068,19.01,48,1.29,2026-03-22 03:55:35.284427,0.695560609889647,0.7071145083051595,0.3971533516988062,0.6163550014841199,0.3009523809523809,0.3247147492934156,3,22,3,0.5069751002705881,Agricultural,Human Activity,0.23
Pauri,30.0652314,78.7315716,11.06,57,0.86,2026-03-22 03:55:36.225898,0.3680397607615197,0.3964427458474203,0.4375573921028466,0.3979123379835758,0.5253333333333333,0.4657175756306919,3,22,3,0.4318338576098979,Vehicular,Human Activity,0.2
Rudraprayag,30.4915835,79.0366067,12.12,58,2.14,2026-03-22 03:55:36.869390,0.3623957543593631,0.3794649419373805,0.2676767676767677,0.357653111704759,0.1733333333333333,0.4868627656233644,3,22,3,0.337897779105828,Vehicular,Human Activity,0.24
Kishtwar,33.3107908,75.7694213,12.46,35,0.4,2026-03-22 03:55:37.484192,0.3582680481846517,0.4795678377186535,0.391643709825528,0.5752646680518453,0.1154285714285714,0.1452946718308384,3,22,3,0.3442445845066814,Vehicular,Human Activity,0.28
Doda,33.13261,75.5890079,15.02,42,1.85,2026-03-22 03:55:38.216015,0.3969337039845,0.5221960899603116,0.3682277318640955,0.5943405560502623,0.1340952380952381,0.2177326494294986,3,22,3,0.3722543282306509,Vehicular,Human Activity,0.27
Udhampur,32.9219726,75.1331482,18.1,40,2.66,2026-03-22 03:55:39.160568,0.3928059978097885,0.5625459356166398,0.5509641873278237,0.7009696250123677,0.139047619047619,0.2561499005547996,3,22,3,0.4337472108948397,Vehicular,Human Activity,0.27
Samba,32.5759118,75.1203446,19.98,46,0.95,2026-03-22 03:55:40.143990,0.4868166119113807,0.6241364104071733,0.5863177226813591,0.736004749183734,0.1897142857142857,0.3223071286506856,3,22,3,0.4908828180914363,Urban Dust,Human Activity,0.25
Kupwara,34.5140696,74.191367,10.58,35,1.35,2026-03-22 03:55:41.055837,0.3595316317075225,0.4820667352638542,0.8457300275482094,0.9513703373899276,0.0998095238095237,0.5107296137339057,3,22,3,0.5415396449088239,Vehicular,Human Activity,0.29
Guna,24.5001772,77.2600959,25.17,27,2.74,2026-03-22 03:55:42.080242,0.1523039339567012,0.1605174187858297,0.1124885215794306,0.1378450578806767,0.1733333333333333,0.8118915523919188,3,22,3,0.2580633029879817,Vehicular,Human Activity,0.52
Shivpuri,25.3741216,77.8278866,24.89,33,2.01,2026-03-22 03:55:42.984316,0.1464072108499705,0.1506688225782743,0.05188246097337,0.1209260908281389,0.1123809523809523,0.8473777870825919,3,22,3,0.238273887448883,Vehicular,Human Activity,0.59
Damoh,23.7981005,79.5419356,24.67,33,2.0,2026-03-22 03:55:43.613499,0.1180187010361385,0.1211965309422313,0.0220385674931129,0.0811813594538438,0.0895238095238095,0.9595938448654872,3,22,3,0.2319254688857706,Urban Dust,Human Activity,0.69
Tikamgarh,24.8552105,79.0472546,25.13,34,1.73,2026-03-22 03:55:44.545555,0.162749557745767,0.1682346023813023,0.0440771349862258,0.1074008113188878,0.1409523809523809,1.0,3,22,3,0.2705690812307607,Urban Dust,Human Activity,0.62
Seoni,22.2748109,79.7202522,25.58,25,3.18,2026-03-22 03:55:45.447299,0.0902198635329795,0.1026752903130971,0.147842056932966,0.0960225586227366,0.2601904761904762,0.8626609442060087,3,22,3,0.2599351982997107,Industrial,Human Activity,0.55
Kasaragod,12.4221964,75.1904446,31.27,47,0.69,2026-03-22 03:57:52.092090,0.1902092050209205,0.3302219608996031,0.0,0.0,0.0026666666666666,0.5841097037579818,3,22,3,0.184534589390862,Urban Dust,Human Activity,0.53
Kottayam,9.6287383,76.6455326,31.26,56,0.25,2026-03-22 03:57:53.265511,0.1140585774058577,0.1146552991327355,0.0444057466260339,0.0633228840125391,0.0540952380952381,0.7325447503402073,3,22,3,0.1871804159354353,Urban Dust,Human Activity,0.65
Pathanamthitta,9.2780841,76.9737443,28.44,51,0.59,2026-03-22 03:57:54.167774,0.1111297071129707,0.1004703807143907,0.0309098824553765,0.0929828791897757,0.043047619047619,0.8558567989113368,3,22,3,0.2057328779052449,Vehicular,Human Activity,0.69
Idukki,9.8154785,76.9991599,26.6,58,1.51,2026-03-22 03:57:55.344402,0.1506276150627615,0.157063060414523,0.0892468437091859,0.0872534362189534,0.1005714285714285,0.7574583900345441,3,22,3,0.2237034623352327,Vehicular,Human Activity,0.56
Palakkad,10.7873692,76.4742172,31.79,47,0.43,2026-03-22 03:57:56.522084,0.1500418410041841,0.1989563427899456,0.1188506747932085,0.0474849288642392,0.0788571428571428,0.5536480686695279,3,22,3,0.191306499829708,Urban Dust,Human Activity,0.48
Ramanathapuram,9.5205576,78.5184635,29.54,57,2.24,2026-03-22 03:57:57.496461,0.1500418410041841,0.1492723798324268,0.2794949934697431,0.2044948155292983,0.2076190476190476,0.6044174604836178,3,22,3,0.2658900896563863,Vehicular,Human Activity,0.38
Sivagangai,9.9650599,78.7204283,29.21,61,1.7,2026-03-22 03:57:58.457717,0.0693723849372385,0.072100543877701,0.1911188506747932,0.1321630094043887,0.2129523809523809,0.499738302104051,3,22,3,0.1962409119917589,Vehicular,Human Activity,0.42
Virudhunagar,9.4926289,77.8631831,29.72,56,1.79,2026-03-22 03:57:59.156826,0.2817573221757322,0.2879611935910627,0.4166303874619069,0.32698336146612,0.2617142857142857,0.7781848633936983,3,22,3,0.392205235633801,Vehicular,Human Activity,0.33
Dharmapuri,12.1456131,78.1132217,27.97,58,2.41,2026-03-22 03:58:00.080733,0.1249372384937238,0.1311921211230339,0.1179799738789725,0.1372944297082228,0.0853333333333333,0.7586098607767193,3,22,3,0.2258911595523343,Vehicular,Human Activity,0.56
Krishnagiri,12.5152075,78.0093769,26.84,57,3.61,2026-03-22 03:58:00.802620,0.1063598326359832,0.1132588563868881,0.1467131040487592,0.1468435013262599,0.1264761904761904,0.6436721448759553,3,22,3,0.213887271625006,Vehicular,Human Activity,0.5
Chikkaballapur,13.0993764,77.388729,26.63,48,3.18,2026-03-22 03:58:01.731432,0.2299581589958159,0.2402616492723798,0.129734436221158,0.1703882324571979,0.0963809523809523,0.9635716528839108,3,22,3,0.3050491803685691,Vehicular,Human Activity,0.53
Mandya,12.6368939,76.7275477,27.45,48,3.16,2026-03-22 03:58:02.738784,0.5668619246861926,0.6389093047185066,0.4832390074009579,0.3953797926211719,0.3013333333333333,0.899298649638857,3,22,3,0.5475036687331699,Urban Dust,Human Activity,0.27
Hassan,13.0301853,76.1744968,26.13,41,1.5,2026-03-22 03:58:03.925503,0.2510460251046025,0.349772159341467,0.1449717022202873,0.1005449722691102,0.1055238095238095,0.6435674657175756,3,22,3,0.265904355696142,Urban Dust,Human Activity,0.4
Chamarajanagar,11.9544201,77.1069086,28.67,48,1.82,2026-03-22 03:58:04.885417,0.2234309623430962,0.2634866970454211,0.1462777535916413,0.1489462261876054,0.1748571428571428,0.8587878153459647,3,22,3,0.3026310995618119,Vehicular,Human Activity,0.47
Bagalkot,16.1793224,75.6999315,30.18,25,3.92,2026-03-22 03:58:05.505225,0.2835983263598325,0.3829193003086873,0.3234653896386591,0.1583891970098866,0.123047619047619,0.7765099968596253,3,22,3,0.3413216382040516,Vehicular,Human Activity,0.38
Gadag,15.416692,75.6815801,29.42,25,4.21,2026-03-22 03:58:06.386619,0.3102928870292887,0.4251800676172277,0.4767087505441881,0.2184326018808777,0.0411428571428571,0.3837537946194912,3,22,3,0.3092518264723218,Vehicular,Human Activity,0.26
Koppal,15.5748238,76.3118494,29.98,26,3.52,2026-03-22 03:58:07.283428,0.2766527196652719,0.398280170513009,0.239442751414889,0.1318832891246684,0.0708571428571428,0.6982099863917094,3,22,3,0.3025543433277818,Urban Dust,Human Activity,0.38
Yadgir,16.5744123,76.9254434,30.2,38,4.36,2026-03-22 03:58:07.925700,0.4053556485355648,0.4577392326914596,0.4936874183717893,0.3058885941644562,0.1493333333333333,0.6297498168114729,3,22,3,0.4069590073180127,Vehicular,Human Activity,0.26
Nalgonda,17.0504406,79.2669235,29.72,46,2.85,2026-03-22 03:58:08.578847,0.0882008368200836,0.0937086579450242,0.0470178493687418,0.0874077646491439,0.086095238095238,0.7364178792002513,3,22,3,0.1898080376797472,Vehicular,Human Activity,0.65
Mahabubnagar,16.6965686,77.9591146,29.19,44,5.13,2026-03-22 03:58:09.470891,0.2193305439330544,0.2279141555196237,0.1719634305616021,0.1737159392331806,0.2457142857142857,0.7804878048780488,3,22,3,0.3031876933066326,Vehicular,Human Activity,0.43
Adilabad,19.6759452,78.5339895,28.2,21,4.42,2026-03-22 03:58:10.376945,0.280836820083682,0.3049389975011025,0.2141924249020461,0.2025078369905956,0.3066666666666667,0.6955930074322203,3,22,3,0.3341226255960522,Vehicular,Human Activity,0.35
Karimnagar,18.4348122,79.1328042,29.46,20,3.72,2026-03-22 03:58:11.259813,0.1594979079497908,0.182125532853153,0.3992163691771876,0.2600819869785387,0.3565714285714285,0.6242018214173559,3,22,3,0.3302825078245757,Vehicular,Human Activity,0.31
Khammam,17.2465351,80.1500326,30.89,44,2.58,2026-03-22 03:58:12.143064,0.0415062761506276,0.0606350139644274,0.085328689595124,0.1018085362912949,0.0674285714285714,0.3731811996231551,3,22,3,0.1216480478422001,Vehicular,Human Activity,0.51
West Godavari,16.6443029,81.5885247,31.64,49,1.19,2026-03-22 03:58:13.190776,0.0010878661087866,0.0185212406291342,0.0235089246843709,0.0833180612490957,0.0247619047619047,0.2495551135768868,3,22,3,0.0667921851683631,Vehicular,Human Activity,0.62
East Godavari,16.9956639,81.7154378,30.75,51,1.05,2026-03-22 03:58:14.132661,0.0,0.0155078641775687,0.0370047888550283,0.0832408970340004,0.0872380952380952,0.2518580550612373,3,22,3,0.079141616727655,Vehicular,Human Activity,0.53
Udupi,13.5269784,74.8731879,31.42,45,1.23,2026-03-22 04:00:08.650650,0.2047698744769874,0.3575628399235632,0.0074009577710056,0.0072148541114058,0.0205714285714285,0.6316057947357683,4,22,3,0.2048542915983598,Urban Dust,Human Activity,0.51
Kodagu,12.3827332,75.6640715,26.12,49,0.5,2026-03-22 04:00:09.620612,0.1989121338912133,0.3266206085550492,0.0139312146277753,0.0132433084157221,0.0182857142857142,0.6051826157926954,4,22,3,0.1960292659280282,Urban Dust,Human Activity,0.51
Tumkur,13.3400771,77.1006208,28.39,45,4.08,2026-03-22 04:00:10.602096,0.2784100418410041,0.3094223136851389,0.2080975185023944,0.1852230528092597,0.0883809523809523,0.7948377882064885,4,22,3,0.3107286112375397,Vehicular,Human Activity,0.43
Davanagere,14.2558835,75.8303421,28.9,32,2.27,2026-03-22 04:00:11.567400,0.2138075313807531,0.2989122445979715,0.2063561166739224,0.0924041475765613,0.0765714285714285,0.6129361354825545,4,22,3,0.2501646007138653,Urban Dust,Human Activity,0.41
Ballari,15.3483166,76.8054883,30.09,31,1.0,2026-03-22 04:00:12.312453,0.2534728033472803,0.3494046744083493,0.21767522855899,0.1307740535326742,0.0819047619047619,0.6593552336257907,4,22,3,0.2820977925629744,Urban Dust,Human Activity,0.39
Chittoor,13.325036,79.6480611,29.91,53,3.32,2026-03-22 04:00:13.398375,0.1868619246861924,0.1999853006026753,0.3774488463212886,0.112900892211237,0.7382857142857142,0.2230157110793715,4,22,3,0.3064163981977465,Industrial,Human Activity,0.4
Ongole,15.5058714,80.0499454,29.56,61,2.56,2026-03-22 04:00:14.084468,0.0559832635983263,0.0772453329413494,0.1589029168480626,0.1288353026284061,0.1409523809523809,0.297694348092226,4,22,3,0.1432689241767919,Vehicular,Human Activity,0.35
Tenali,16.2377735,80.6464219,30.45,54,1.75,2026-03-22 04:00:15.056351,0.0460251046025104,0.0678377186535352,0.1353939921636918,0.1053484446587894,0.2049523809523809,0.2331156906753723,4,22,3,0.1321122219510467,Vehicular,Human Activity,0.29
Tadepalligudem,16.8102437,81.526592,31.21,49,1.01,2026-03-22 04:00:16.062101,0.0044351464435146,0.0219021020138174,0.0513713539399216,0.0892693513383168,0.0841904761904761,0.2433176902672923,4,22,3,0.0824143533655565,Vehicular,Human Activity,0.49
Bhimavaram,16.5427689,81.527344,31.63,50,1.49,2026-03-22 04:00:17.053386,0.0025941422594142,0.0194032044686167,0.0239442751414889,0.0824403183023872,0.0316190476190476,0.2508671699653131,4,22,3,0.0684780262927113,Vehicular,Human Activity,0.61
Kakinada,16.9437385,82.2350607,33.22,41,0.66,2026-03-22 04:00:18.076552,0.0009205020920502,0.0209466411877113,0.0187200696560731,0.0953363877501808,0.0152380952380952,0.282391348704346,4,22,3,0.0722588407714094,Vehicular,Human Activity,0.65
Rajahmundry,17.0050454,81.7804732,30.55,52,1.06,2026-03-22 04:00:19.098668,0.005439330543933,0.0216081140673232,0.0757509795385285,0.090378586930311,0.1737142857142857,0.2476025300958987,4,22,3,0.1024156378150467,Industrial,Human Activity,0.4
Srikalahasti,13.7518033,79.7002288,30.54,48,2.91,2026-03-22 04:00:20.065348,0.1558158995815899,0.1674261355284433,0.2307357422725293,0.1020400289365806,0.3931428571428571,0.3488063660477453,4,22,3,0.2329945049182909,Industrial,Human Activity,0.28
Gudur,14.1469524,79.8478024,31.99,43,4.01,2026-03-22 04:00:21.018467,0.1035983263598326,0.1235484345141849,0.1924249020461471,0.1058114299493609,0.2373333333333333,0.2666802693327891,4,22,3,0.171566115922608,Vehicular,Human Activity,0.26
Proddatur,14.7555953,78.5501531,31.84,38,3.74,2026-03-22 04:00:21.954242,0.2607531380753138,0.2520946641187712,0.1345232912494558,0.1479720279720279,0.2765714285714286,1.0,4,22,3,0.3453190916644995,Vehicular,Human Activity,0.48
Salem,11.6469616,78.2106958,30.83,42,1.53,2026-03-22 04:31:53.404640,0.250123578843302,0.2487688296639629,0.1976491075315629,0.2364504461056185,0.1020705745115194,0.6653740305228922,4,22,3,0.2834060945298096,Vehicular,Human Activity,0.39
Erode,11.4905282,77.3505274,30.64,50,2.47,2026-03-22 04:31:54.421522,0.1903938045806558,0.2074884125144843,0.0557248585111014,0.1088690619725102,0.0638670166229221,0.5303977983487616,4,22,3,0.1927901587584059,Urban Dust,Human Activity,0.46
Namakkal,11.3033889,78.118604,31.6,41,2.82,2026-03-22 04:31:55.394444,0.5995221618058988,0.5854577056778679,0.3609055289508054,0.4674125874125873,0.1668124817731117,1.0,4,22,3,0.5300184109367119,Vehicular,Human Activity,0.31
Karur,10.8217671,78.3828654,31.31,45,3.06,2026-03-22 04:31:56.401457,0.3596968199044323,0.363050405561993,0.282542446669569,0.3356932722449963,0.1498979294254884,0.7870277708281211,4,22,3,0.3796514407724334,Vehicular,Human Activity,0.35
Dindigul,10.4256897,77.815664,31.17,42,2.85,2026-03-22 04:31:57.497545,0.2834074806393145,0.2822276940903823,0.1754462342185459,0.250899445382204,0.142315543890347,0.7211033274956218,4,22,3,0.3092332876194025,Vehicular,Human Activity,0.39
Thoothukudi,8.8457035,77.9938178,32.06,48,3.51,2026-03-22 04:31:58.449089,0.146729279947273,0.1365874855156431,0.0474531998258598,0.1327706775982638,0.0510352872557597,0.5004378283712785,4,22,3,0.1691689597523463,Vehicular,Human Activity,0.49
Tirunelveli,8.5495014,77.5805178,31.81,49,3.17,2026-03-22 04:31:59.436075,0.0999340912835722,0.0913238702201622,0.0322159338267305,0.1046153846153846,0.0282881306503353,0.4711033274956218,4,22,3,0.1379134563486344,Vehicular,Human Activity,0.57
Nagercoil,8.1839904,77.4315437,33.53,42,1.67,2026-03-22 04:32:00.121351,0.0594826165760421,0.0504779837775202,0.0330866347409664,0.0697853870267663,0.0151647710702828,0.4280085063797849,4,22,3,0.1093343165952271,Vehicular,Human Activity,0.65
Vellore,12.9021849,79.061104,32.79,33,3.8,2026-03-22 04:32:01.117480,0.1619706706211896,0.1699739281575897,0.2250761863299956,0.0966385338799131,0.3773694954797317,0.290655491618714,4,22,3,0.220280717681189,Industrial,Human Activity,0.29
Tiruvannamalai,12.4289282,78.99915,30.24,39,3.29,2026-03-22 04:32:01.746961,0.1038062283737024,0.1165266512166859,0.2128863735306922,0.1118302387267904,0.3289588801399825,0.3140480360270202,4,22,3,0.1980094013358123,Industrial,Human Activity,0.28
Kanchipuram,12.9647163,79.9839686,32.75,43,3.75,2026-03-22 04:32:02.703999,0.1760586587576207,0.1888760139049826,0.4584240313452329,0.1014130696889317,0.920968212306795,0.1149612209156867,4,22,3,0.3267835344865416,Industrial,Human Activity,0.47
Chengalpattu,12.6840886,79.9836371,32.52,45,4.35,2026-03-22 04:32:03.792073,0.1465645081562036,0.15795191193511,0.4497170222028733,0.1000626959247649,1.0,0.1097698273705279,4,22,3,0.3273443275982466,Industrial,Human Activity,0.51
Cuddalore,11.5202071,79.3396356,31.4,47,2.64,2026-03-22 04:32:04.764370,0.0215027187345526,0.0334588644264194,0.0596430126251632,0.0873113093802749,0.0180810731991834,0.2099074305729297,4,22,3,0.0716507348230872,Vehicular,Human Activity,0.49
Villupuram,11.9398285,79.4945645,31.74,47,3.1,2026-03-22 04:32:05.783080,0.0344373043334981,0.0484501738122827,0.0901175446234218,0.1013648420544972,0.0533683289588801,0.2116587440580435,4,22,3,0.0898994896401039,Vehicular,Human Activity,0.39
Perambalur,11.2902641,78.9300404,30.77,46,2.16,2026-03-22 04:32:06.508440,0.25325424287362,0.2699159907300115,0.4414453635176317,0.333677357125633,0.1589384660250802,0.4965599199399549,4,22,3,0.3256318900353219,Vehicular,Human Activity,0.25
Ariyalur,11.1530559,79.2585797,31.08,48,1.94,2026-03-22 04:32:07.507957,0.0116987971659251,0.0199159907300115,0.0491946016543317,0.078148058837714,0.0046660834062408,0.1975856892669502,4,22,3,0.0602015368435289,Vehicular,Human Activity,0.55
Nagapattinam,10.6026203,79.7619348,32.37,49,3.73,2026-03-22 04:32:08.476295,0.0,0.0,0.021767522855899,0.0629081263564022,0.0,0.1646860145108832,4,22,3,0.0415602772871974,Vehicular,Human Activity,0.66
Mayiladuthurai,11.1018614,79.6503162,32.6,46,2.87,2026-03-22 04:32:09.145287,0.0055198550008238,0.0098493626882966,0.0343926861123204,0.0720520858451892,0.0032079323417906,0.1814485864398299,4,22,3,0.0510784180713751,Vehicular,Human Activity,0.59
Pudukottai,10.3826515,78.8191259,30.08,52,2.33,2026-03-22 04:32:09.783633,0.0460537156038886,0.0484501738122827,0.0809751850239442,0.0920086809741982,0.0924467774861475,0.2955966975231424,4,22,3,0.1092552050706006,Vehicular,Human Activity,0.45
Tirupattur,12.4983561,78.5618167,31.76,32,3.44,2026-03-22 04:32:10.683217,0.1057834898665348,0.1142091541135573,0.1663038746190683,0.1207234145165179,0.2735491396908719,0.3981110833124844,4,22,3,0.1964466926865058,Vehicular,Human Activity,0.34
Ranipet,12.9186243,79.4081921,32.05,42,4.27,2026-03-22 04:32:11.298582,0.1805898830120283,0.1891657010428736,0.3064867218110579,0.0942271521581866,0.5669291338582678,0.2109081811358518,4,22,3,0.2580511288363777,Industrial,Human Activity,0.37
Sivakasi,9.4627995,77.7891013,30.97,48,1.89,2026-03-22 04:32:12.233551,0.2993903443730433,0.2974362688296639,0.2185459294732259,0.2488835302628405,0.1875182268883056,0.650237678258694,4,22,3,0.3170019963476289,Vehicular,Human Activity,0.34
Pollachi,10.6588234,77.00873,31.48,45,2.54,2026-03-22 04:32:13.145460,0.2875267754160487,0.3241599073001158,0.2751414888985633,0.2140342416204485,0.1668124817731117,0.5634851138353766,4,22,3,0.3051933348072775,Vehicular,Human Activity,0.31
Hosur,12.7183361,77.8229481,27.84,47,3.6,2026-03-22 04:32:14.183043,0.1723512934585598,0.1753331402085747,0.1715280801044841,0.1651024837231733,0.1181102362204724,0.5430948211158368,4,22,3,0.2242533424718502,Vehicular,Human Activity,0.4
Gudiyatham,12.9485676,78.8705336,32.41,33,2.74,2026-03-22 04:32:15.065851,0.1411270390509144,0.1506373117033603,0.2172398781018719,0.1026380516035688,0.358121901428988,0.3245559169377033,4,22,3,0.2157200164710678,Industrial,Human Activity,0.28
Puttur,12.7632858,75.2018421,34.99,35,0.65,2026-03-22 04:35:54.137320,0.2057999670456418,0.3260428736964078,0.0108837614279495,0.012814217909097,0.0128317293671624,0.3767825869402052,4,22,3,0.1575258560644106,Urban Dust,Human Activity,0.4
Bantwal,12.8953789,75.0408618,35.8,34,0.78,2026-03-22 04:35:55.019046,0.200527269731422,0.3260428736964078,0.0013060513713539,0.0018581097343769,0.0061242344706911,0.3546409807355516,4,22,3,0.1484165866233006,Urban Dust,Human Activity,0.4
Sullia,12.5576644,75.3907575,33.93,38,1.54,2026-03-22 04:35:55.606233,0.2000329543582139,0.3189455388180764,0.0039181541140618,0.0088861931856472,0.0078740157480314,0.3725919439579685,4,22,3,0.1520414666969999,Urban Dust,Human Activity,0.41
Moodbidri,13.0683654,74.9947146,33.17,40,1.7,2026-03-22 04:35:56.489816,0.1953369583127368,0.3241599073001158,0.0013060513713539,0.0,0.0064158646835812,0.3471353515136352,4,22,3,0.1457256888635705,Urban Dust,Human Activity,0.4
Kundapura,13.6133737,74.7286856,30.97,50,2.62,2026-03-22 04:35:57.362976,0.2394957983193277,0.4007821552723059,0.0034828036569438,0.0165015548431196,0.0242053076698746,0.4351388541406055,4,22,3,0.1866010789836961,Urban Dust,Human Activity,0.39
Bhatkal,13.9893566,74.5656301,28.04,63,2.55,2026-03-22 04:35:58.215494,0.272038227055528,0.4345307068366164,0.0017414018284719,0.0302496413751937,0.037328667249927,0.5143857893420066,4,22,3,0.2150457389479573,Urban Dust,Human Activity,0.4
Sirsi,14.6192362,74.8388611,33.15,23,0.82,2026-03-22 04:35:59.112432,0.3404185203493162,0.4979721900347624,0.0148019155420113,0.0633201436424727,0.0664916885389326,0.6249687265449088,4,22,3,0.2679955307754006,Urban Dust,Human Activity,0.39
Haveri,14.7180268,75.3656423,31.01,24,3.54,2026-03-22 04:35:59.718643,0.3085351787773933,0.4553157589803012,0.0552895080539834,0.0675081111785037,0.0557013706620005,0.5519139354515887,4,22,3,0.2490439771839618,Urban Dust,Human Activity,0.37
Ranebennur,14.6165795,75.6341529,30.68,25,2.78,2026-03-22 04:36:00.605463,0.257455923545889,0.3771002317497103,0.1275576839355681,0.0816701807083923,0.0487022455526392,0.4779834876157118,4,22,3,0.2284116255179851,Urban Dust,Human Activity,0.35
Chitradurga,14.3049174,76.5296667,30.43,27,0.85,2026-03-22 04:36:01.212413,0.2369418355577525,0.2817207415990729,0.1205920766216804,0.0952545995436559,0.0338291046952464,0.4073680260195147,4,22,3,0.1959510640061538,Urban Dust,Human Activity,0.35
Holalkere,14.0428326,76.1844875,30.01,28,2.2,2026-03-22 04:36:02.106582,0.2382600098863074,0.2923667439165701,0.107096212451023,0.0828736196555276,0.0446194225721784,0.4585939454590944,4,22,3,0.2039683256567835,Urban Dust,Human Activity,0.37
Challakere,14.3167885,76.6521533,30.82,28,1.12,2026-03-22 04:36:02.995721,0.2520184544405998,0.2933806488991888,0.1036134087940792,0.0980273228778557,0.0347039953339166,0.4632224168126095,4,22,3,0.2074943745263749,Urban Dust,Human Activity,0.37
Madikeri,12.42149,75.7387543,28.47,39,0.37,2026-03-22 04:36:03.860495,0.2166749052562201,0.3400202780996523,0.0143665650848933,0.0219314713725943,0.0198308544765237,0.3915436577433075,4,22,3,0.1673946220055319,Urban Dust,Human Activity,0.39
Virajpet,12.1972711,75.8033421,30.17,41,0.94,2026-03-22 04:36:04.749570,0.2402372713791399,0.3568221320973348,0.0383108402263822,0.0459328577342614,0.0419947506561679,0.4039904928696523,4,22,3,0.1878813908271564,Urban Dust,Human Activity,0.36
Somwarpet,12.5971883,75.8466865,27.8,39,0.33,2026-03-22 04:36:05.622373,0.2632229362333169,0.3861529548088064,0.0805398345668263,0.0817953383588943,0.0615339749198016,0.4422066549912434,4,22,3,0.2192419489798149,Urban Dust,Human Activity,0.34
Tiptur,13.258575,76.4737675,28.83,36,0.94,2026-03-22 04:36:06.512559,0.2960125226561212,0.3469003476245654,0.0940356987374836,0.1190538081622043,0.063283756197142,0.5335876907680761,4,22,3,0.2421456373575988,Urban Dust,Human Activity,0.37
Arsikere,13.3137821,76.253199,28.65,35,1.59,2026-03-22 04:36:07.385264,0.2810182896688087,0.3370509849362688,0.0696560731388768,0.0941859457585997,0.0682414698162729,0.5202026519889917,4,22,3,0.2283925692179698,Urban Dust,Human Activity,0.38
Sakleshpur,12.9453765,75.7789505,29.45,34,0.81,2026-03-22 04:36:08.255850,0.2340583292140385,0.3471176129779837,0.0509360034828036,0.0465779010099259,0.0411198600174978,0.4339504628471354,4,22,3,0.1922933615915642,Urban Dust,Human Activity,0.38
Belthangady,12.9899316,75.2789925,34.2,37,1.45,2026-03-22 04:36:09.117103,0.2116493656286043,0.3330677867902665,0.0178493687418371,0.0167422426325467,0.0177894429862933,0.3810357768326245,4,22,3,0.1630223306020287,Urban Dust,Human Activity,0.39
Mangaluru Rural,13.0629107,77.3463193,28.71,41,2.97,2026-03-22 04:36:10.144659,0.2452628110067556,0.2490585168018539,0.064431867653461,0.1450865994666358,0.0670749489647127,0.6532399299474606,4,22,3,0.2373591123068133,Urban Dust,Human Activity,0.46
Rewa,24.7560846,81.3810574,26.57,26,4.56,2026-03-22 04:58:44.892074,0.1633712308452792,0.1597624565469293,0.0461471484545058,0.1073178715497405,0.110819480898221,0.7256067050287717,4,22,3,0.2188374822205746,Agricultural,Human Activity,0.55
Satna,24.6954445,80.7770348,26.45,28,5.17,2026-03-22 04:58:45.900293,0.1450815620365793,0.1493337195828505,0.0335219851980844,0.1041407927293032,0.0603674540682414,0.6977733299974982,4,22,3,0.1983698072687595,Urban Dust,Human Activity,0.59
Singrauli,24.2431343,82.3827672,25.83,32,4.26,2026-03-22 04:58:46.954071,0.2053056516724336,0.1940179606025492,0.0827165868524161,0.1147406829756712,0.2420530766987459,0.742431823867901,4,22,3,0.2635442971116195,Industrial,Human Activity,0.47
Sidhi,24.2112687,81.7000415,26.8,25,4.81,2026-03-22 04:58:47.943086,0.1657604218157851,0.1588209733487832,0.0770570309098824,0.1001357479132368,0.2268883056284631,0.746559919939955,4,22,3,0.2458703999260176,Industrial,Human Activity,0.51
Morena,26.3849794,77.8612721,26.18,34,0.25,2026-03-22 04:58:48.710997,0.169962102488054,0.170842989571263,0.0552895080539834,0.1468676891083961,0.0329542140565762,0.5721791343507631,4,22,3,0.1913492729381726,Vehicular,Human Activity,0.5
Bhind,26.3518828,78.6863189,26.6,33,2.29,2026-03-22 04:58:49.631886,0.3742791234140715,0.3755069524913094,0.216369177187636,0.2443462438263581,0.0956547098279381,0.6486740055041281,4,22,3,0.3258050353752402,Vehicular,Human Activity,0.33
Sheopur,25.7499267,76.9212945,27.04,29,2.92,2026-03-22 04:58:50.613368,0.1431043005437469,0.1522305909617612,0.1432303003918154,0.1525190384041436,0.0877806940799066,0.4959344508381286,4,22,3,0.195799895869917,Vehicular,Human Activity,0.42
Barwani,21.7514248,74.8915957,28.08,21,1.31,2026-03-22 04:58:51.556409,0.1562036579337617,0.1754055619930475,0.1023073574227253,0.0837112131627338,0.1079031787693205,0.5913810357768327,4,22,3,0.2028186675097369,Vehicular,Human Activity,0.49
Alirajpur,22.2859525,74.3545628,30.27,19,1.61,2026-03-22 04:58:52.521073,0.208601087493821,0.2426853997682502,0.1863299956464954,0.1747393351240504,0.1044036162146398,0.5380285213910434,4,22,3,0.24246465927305,Vehicular,Human Activity,0.37
Jhabua,22.8869652,74.7243249,30.29,20,4.1,2026-03-22 04:58:53.466071,0.2159334321964079,0.2503621089223638,0.2181105790161079,0.2202582098604973,0.0664916885389326,0.5033149862396797,4,22,3,0.2457451674623315,Vehicular,Human Activity,0.34
Narsinghpur,22.934556,79.0867849,27.89,23,2.02,2026-03-22 04:58:54.416200,0.1287691547207118,0.1300695249130938,0.0696560731388768,0.0912302997044353,0.0723242927967337,0.6165248936702528,4,22,3,0.1847623731573507,Vehicular,Human Activity,0.56
Betul,21.8797472,77.8753651,27.26,22,2.13,2026-03-22 04:58:55.378434,0.128439611138573,0.1414397450753186,0.1776229865041358,0.1107260106480277,0.2012248468941382,0.5475356517388041,4,22,3,0.2178314753331662,Vehicular,Human Activity,0.42
Harda,22.2427973,77.1179173,30.02,18,1.65,2026-03-22 04:58:56.891590,0.1409622672598451,0.1643974507531865,0.1802350892468437,0.136258171350451,0.1420239136774569,0.4856142106579935,4,22,3,0.2082485171576295,Vehicular,Human Activity,0.39
Sehore,23.1150041,77.0665356,28.2,21,1.81,2026-03-22 04:58:57.892856,0.138902619871478,0.1497682502896871,0.1010013060513713,0.1217302563806332,0.0968212306794984,0.5381536152114086,4,22,3,0.1910628797473461,Vehicular,Human Activity,0.47
Raisen,23.2675909,78.1727134,26.66,23,2.96,2026-03-22 04:58:59.038529,0.1351128686768825,0.1328939745075318,0.1018720069656073,0.0885345964628522,0.2303878681831438,0.6236552414310734,4,22,3,0.2187427593711818,Industrial,Human Activity,0.48
Rajsamand,25.2892459,73.8241077,26.34,26,3.85,2026-03-22 04:58:59.980069,0.202092601746581,0.425550405561993,0.1236395298215063,0.1017339148350325,0.1079031787693205,0.5622341756317238,4,22,3,0.2538589677276928,Urban Dust,Human Activity,0.37
Pratapgarh,25.75,81.75,28.0,28,4.57,2026-03-22 04:59:00.887239,0.2874443895205141,0.2660776361529548,0.0478885502829777,0.1501795530909125,0.1324001166520851,0.7458093570177633,4,22,3,0.2716332671195346,Agricultural,Human Activity,0.46
Dholpur,26.7010642,77.896749,26.46,34,1.14,2026-03-22 04:59:01.753805,0.1412918108419838,0.1702636152954808,0.0509360034828036,0.1260818916134746,0.0221638961796442,0.6268451338503878,4,22,3,0.1895970585439625,Vehicular,Human Activity,0.55
Karauli,26.5158329,77.0565965,25.66,35,2.26,2026-03-22 04:59:02.364121,0.1628769154720711,0.1865585168018539,0.1271223334784501,0.1656894742415927,0.0449110527850685,0.4806730047535652,4,22,3,0.1946385495887669,Vehicular,Human Activity,0.41
Sawai Madhopur,26.2290186,76.3043561,27.13,31,2.87,2026-03-22 04:59:03.252052,0.2035755478662053,0.2530417149478562,0.1567261645624728,0.1459530755085732,0.2184310294546514,0.6262822116587441,4,22,3,0.2673349573330839,Vehicular,Human Activity,0.39
Etah,27.5550357,78.5992221,26.91,33,3.2,2026-03-22 04:59:04.153787,0.484593837535014,0.4997103128621089,0.1667392250761863,0.312345358095293,0.1081948089822105,0.6117713284963723,4,22,3,0.3638924785078641,Urban Dust,Human Activity,0.28
Mainpuri,27.2093072,79.0625369,26.88,33,3.69,2026-03-22 04:59:04.772892,0.640467951886637,0.6280417149478562,0.1380060949063996,0.3180833549952343,0.2090988626421697,0.6508631473605204,4,22,3,0.4307601877898029,Agricultural,Human Activity,0.25
Budaun,28.0367001,79.1234,26.34,34,4.14,2026-03-22 04:59:05.377598,0.87337287856319,0.8622537659327926,0.3299956464954288,0.4882496221201705,0.3907844852726743,0.5624843632724544,4,22,3,0.5845234602761185,Biomass Burning,Human Activity,0.25
Sambhal,28.4271928,78.5564546,25.8,36,4.37,2026-03-22 04:59:06.272851,0.6032295271049597,0.6296349942062571,0.4022638223770135,0.5090546746382463,0.2201808107319918,0.4437077808356267,4,22,3,0.4680119349823491,Agricultural,Human Activity,0.22
Amroha,28.7952632,78.3436244,25.48,36,4.54,2026-03-22 04:59:06.879227,0.5329543582138738,0.5572856315179606,0.370047888550283,0.4834936314010918,0.1916010498687664,0.4270077558168627,4,22,3,0.427065052561473,Vehicular,Human Activity,0.22
Balasore,21.5006421,86.919884,28.16,41,0.32,2026-03-22 05:03:28.798070,0.3456771114019554,0.3530246081838167,0.131040487592512,0.2560725529272449,0.2639253426655001,0.6914560920690518,5,22,3,0.3401993658066802,Vehicular,Human Activity,0.34
Bhadrak,20.9854052,86.5934226,28.74,41,1.31,2026-03-22 05:03:29.759453,0.3112633767033643,0.3164314587617899,0.0683500217675228,0.2393591928294293,0.1189851268591426,0.5831873905429072,5,22,3,0.2729294279106927,Urban Dust,Human Activity,0.36
Jajpur,20.8746788,86.1215393,28.34,45,1.52,2026-03-22 05:03:30.693071,0.29201632150281,0.299765974044394,0.0505006530256856,0.2117089795800479,0.0720326625838436,0.6082687015261447,5,22,3,0.2557155487104877,Urban Dust,Human Activity,0.4
Kendrapara,20.5475164,86.5296168,29.22,43,1.56,2026-03-22 05:03:31.625177,0.2107937485564708,0.2220409900007092,0.0383108402263822,0.2006758513127112,0.0720326625838436,0.4470853139854892,5,22,3,0.1984899011109343,Vehicular,Human Activity,0.38
Jagatsinghpur,20.2593872,86.1660878,29.65,47,1.22,2026-03-22 05:03:32.565876,0.2410501193317422,0.2550173746542798,0.0452764475402699,0.2186407879155474,0.074074074074074,0.4738553915436578,5,22,3,0.2179856991765952,Vehicular,Human Activity,0.36
Ganjam,19.6090068,84.7080633,31.67,32,1.32,2026-03-22 05:03:33.518951,0.3407498652706135,0.3560031203460747,0.1684806269046582,0.2405241217302564,0.3111694371536891,0.4873029772329247,5,22,3,0.3173716914397028,Vehicular,Human Activity,0.26
Koraput,18.7232023,82.6100596,24.9,26,2.96,2026-03-22 05:03:34.192320,0.1684502271152513,0.181760158853982,0.0496299521114497,0.157920072398887,0.1233595800524934,0.4607205404053041,5,22,3,0.1903067551562279,Vehicular,Human Activity,0.4
Malkangiri,18.2744685,81.9520316,31.85,20,2.86,2026-03-22 05:03:35.088980,0.1252598352452074,0.1458052620381533,0.1562908141053548,0.1628012207684679,0.2330125400991542,0.2531898924193145,5,22,3,0.1793932607792754,Vehicular,Human Activity,0.24
Nabarangpur,19.228896,82.5665715,26.85,25,3.49,2026-03-22 05:03:35.969971,0.1935483870967742,0.1974328061839586,0.0287331301697866,0.125427220826233,0.1242344706911636,0.5896922692019014,5,22,3,0.2098447140283029,Urban Dust,Human Activity,0.47
Nuapada,20.5412657,82.5292352,25.78,21,3.21,2026-03-22 05:03:36.848457,0.1866194472245746,0.191617615771931,0.0544188071397475,0.0850686922951024,0.294838145231846,0.656617463097323,5,22,3,0.2448633617934207,Industrial,Human Activity,0.45
Kalahandi,19.8265757,83.0408702,29.44,22,2.46,2026-03-22 05:03:37.479590,0.2111017014396796,0.2301964399687965,0.0339573356552024,0.0961403306087475,0.1872265966754155,0.649737302977233,5,22,3,0.2347266178875124,Urban Dust,Human Activity,0.46
Bargarh,21.2319922,83.5652737,28.84,22,3.39,2026-03-22 05:03:38.349404,0.3482177226884286,0.3599744698957521,0.1427949499346974,0.2046616411056234,0.4079906678331875,0.6057668251188392,5,22,3,0.344901046096088,Industrial,Human Activity,0.29
Deogarh (Odisha),21.5370786,84.7301184,30.68,29,1.86,2026-03-22 05:03:39.110136,0.1356532450535068,0.1374370612013332,0.0256856769699608,0.0564942379343211,0.2082239720034995,0.6843882912184138,5,22,3,0.2079804140635059,Industrial,Human Activity,0.55
Sundargarh,22.0605153,83.9359154,28.45,23,1.65,2026-03-22 05:03:39.731633,0.2664562321964739,0.2715410254591873,0.1158032215933826,0.1392523274509237,0.3817439486730825,0.7023392544408307,5,22,3,0.3128560016356468,Industrial,Human Activity,0.37
Mayurbhanj,21.9156338,86.3961824,25.25,34,0.36,2026-03-22 05:03:40.620381,0.3212718454076526,0.332529607829232,0.238136700043535,0.1722650646487402,0.6480023330417032,0.72604453340005,5,22,3,0.4063750140618188,Industrial,Human Activity,0.3
Chandauli,25.125695,83.2494601,26.28,43,2.54,2026-03-22 05:03:41.247614,0.2022480560474247,0.2110488617828523,0.2525032651284284,0.1198240090883709,0.547098279381744,0.6617463097322992,5,22,3,0.3324114635268533,Industrial,Human Activity,0.33
Sonbhadra,24.4148159,83.0637517,25.68,38,3.75,2026-03-22 05:03:41.894103,0.1749942258834398,0.1724700375859868,0.0792337831954723,0.1019746026244596,0.1971420239136774,0.7013385038779085,5,22,3,0.2378588628468241,Industrial,Human Activity,0.49
Lakhimpur Kheri,28.1834229,80.7131272,25.05,35,1.45,2026-03-22 05:03:42.762336,0.8499499576564785,0.8567477483866394,0.2115803221593382,0.4214924568446794,0.2502187226596675,0.5472854640980735,5,22,3,0.5228791119674794,Biomass Burning,Human Activity,0.27
Pilibhit,28.4947158,80.1076122,25.92,32,1.65,2026-03-22 05:03:43.626101,0.9816768034490724,0.9821998439826964,0.2659991292990857,0.4998122635242468,0.3522892971711869,0.5080060045033775,5,22,3,0.5983305569882776,Biomass Burning,Human Activity,0.27
Shahjahanpur,27.9128583,79.7476254,26.57,32,4.54,2026-03-22 05:03:44.514382,1.0,1.0,0.2076621680452764,0.4474867381028026,0.3829104695246427,0.6284088066049537,5,22,3,0.6110780303796125,Biomass Burning,Human Activity,0.27
Kaimur,24.975466,83.5768379,26.24,42,3.83,2026-03-22 05:20:44.625465,0.2069443375163599,0.2170058861073683,0.2969090117544623,0.1161270446427711,0.6319626713327502,0.6694395796847636,5,22,3,0.3563980885064126,Industrial,Human Activity,0.31
Rohtas,24.9394143,84.0197031,26.56,40,4.27,2026-03-22 05:20:45.636564,0.2281160982369697,0.2400538968867456,0.3656943839791032,0.1085309380084529,0.9034703995333916,0.686765073805354,5,22,3,0.4221051317416695,Industrial,Human Activity,0.36
Aurangabad (Bihar),24.7532034,84.3745084,25.95,43,3.6,2026-03-22 05:20:46.638835,0.2224189698976056,0.2272179278065385,0.2668698302133217,0.1031299040137095,0.673665791776028,0.7075931948961722,5,22,3,0.3668159364338959,Industrial,Human Activity,0.32
Nawada,24.8173249,85.5179085,24.09,51,2.9,2026-03-22 05:20:47.388988,0.194934175071214,0.1899865257783136,0.0370047888550283,0.109936554698707,0.1146106736657917,0.6853264948711534,5,22,3,0.2219665354900347,Agricultural,Human Activity,0.51
Jamui,24.7562514,86.3011128,24.97,49,3.4,2026-03-22 05:20:48.110087,0.2223419816768034,0.2189915608822069,0.0687853722246408,0.1395507803098133,0.1878098571011957,0.7399299474605955,5,22,3,0.2629015832758759,Agricultural,Human Activity,0.47
Banka,24.8328273,86.8161114,24.73,49,2.43,2026-03-22 05:20:49.303008,0.3693894834090384,0.376923622438125,0.1989551589029168,0.3067325188458539,0.452610090405366,0.7443707780835628,5,22,3,0.4081636086808105,Vehicular,Human Activity,0.3
Arwal,25.1812832,84.6596648,25.01,47,3.4,2026-03-22 05:20:50.267739,0.2194934175071213,0.2210481526132898,0.0548541575968654,0.112853690706563,0.2493438320209973,0.7262947210407806,5,22,3,0.2639813285809363,Industrial,Human Activity,0.46
Sheikhpura,25.1250741,85.8160771,24.27,50,2.78,2026-03-22 05:20:51.219562,0.1923165755639387,0.1863697610098574,0.0461471484545058,0.1232321481866581,0.0831146106736658,0.6793219914936203,5,22,3,0.2184170392303743,Agricultural,Human Activity,0.52
Khagaria,25.4930513,86.6982264,24.8,50,2.81,2026-03-22 05:20:52.132287,0.3367464777888982,0.3359336217289554,0.0944710491946016,0.292531939269657,0.137066200058326,0.694520890668001,5,22,3,0.3152116964514066,Vehicular,Human Activity,0.37
Supaul,26.2768089,86.7959614,23.9,57,2.73,2026-03-22 05:20:53.013934,0.748787435522365,0.7418622792709737,0.5167609925990423,0.6766889062184097,0.3817439486730825,0.4678508881661246,5,22,3,0.5889490750749996,Agricultural,Human Activity,0.21
Madhepura,25.7806118,86.9364753,23.78,55,1.99,2026-03-22 05:20:53.898209,0.3964123489106166,0.4008226366924332,0.1371353939921637,0.3883545619963607,0.1251093613298337,0.6368526394796098,5,22,3,0.3474478237335029,Vehicular,Human Activity,0.31
Darbhanga,26.08299,86.0324951,23.77,58,2.99,2026-03-22 05:20:54.788822,0.6381553622295788,0.627827813630239,0.2490204614714845,0.5071773098807152,0.2490522018081073,0.6672504378283713,5,22,3,0.4897472644747493,Agricultural,Human Activity,0.23
Samastipur,25.7747885,85.8672314,24.31,55,2.6,2026-03-22 05:20:55.687760,0.2339672030179382,0.2289908517126445,0.0457117979973878,0.1920977384975305,0.0609507144940215,0.697460595446585,5,22,3,0.2431964835276846,Vehicular,Human Activity,0.48
Vaishali,25.7491703,85.3972164,23.85,54,2.38,2026-03-22 05:20:56.306557,0.2065593964123488,0.2022551592085667,0.0518067043970396,0.1511423042486208,0.0755322251385243,0.6625594195646736,5,22,3,0.2249758681616289,Agricultural,Human Activity,0.49
Sitamarhi,26.5942841,85.500428,24.2,56,1.26,2026-03-22 05:20:57.187242,0.7902070983139579,0.7743422452308347,0.349586417065738,0.6461215569611722,0.2814231554389035,0.6297848386289717,5,22,3,0.5785775519399295,Agricultural,Human Activity,0.23
Sheohar,26.4934234,85.2717561,23.48,57,1.51,2026-03-22 05:20:58.082202,0.7495573177303871,0.7315793206155592,0.30387461906835,0.5996495585785941,0.2356372120151647,0.6489241931448586,5,22,3,0.5448703701921523,Agricultural,Human Activity,0.23
East Champaran,26.6393261,84.8990136,23.72,54,1.91,2026-03-22 05:20:58.971842,0.590730618215413,0.5710942486348486,0.2124510230735742,0.4845911677208792,0.1668124817731117,0.6232174130597948,5,22,3,0.4414828254129369,Vehicular,Human Activity,0.24
West Champaran,27.0518367,84.3351209,23.75,51,2.63,2026-03-22 05:20:59.823012,0.6393101855416121,0.6167647684561379,0.2011319111885067,0.5224657982651224,0.1493146689997083,0.6255941956467351,5,22,3,0.4590969213496371,Agricultural,Human Activity,0.23
Saran,25.9214451,84.7759731,23.4,55,2.79,2026-03-22 05:21:00.864637,0.3243513742397413,0.3189135522303383,0.085764040052242,0.2332072129316735,0.1219014289880431,0.6571178383787841,5,22,3,0.2902092411368037,Agricultural,Human Activity,0.38
Siwan,26.131008,84.3910745,24.19,49,2.48,2026-03-22 05:21:01.772446,0.5059665871121718,0.5062052336713708,0.1993905093600348,0.3812205759177425,0.2639253426655001,0.6629972479359519,5,22,3,0.419950916110462,Vehicular,Human Activity,0.26
Gopalganj,26.4211166,84.3739133,24.31,49,2.63,2026-03-22 05:21:02.657599,0.5536222957887442,0.5476207361180059,0.2154984762734,0.4489790023972503,0.2400116652085156,0.6481110833124845,5,22,3,0.4423072098497334,Vehicular,Human Activity,0.24
Maharajganj,26.4710847,81.1807046,27.55,28,4.52,2026-03-22 05:21:03.565852,0.5200554315189775,0.5206013757889512,0.0918589464518938,0.2444810289884373,0.1601049868766404,0.691268451338504,5,22,3,0.371395036827234,Urban Dust,Human Activity,0.31
Kushinagar,26.7438272,83.9162322,25.27,44,3.13,2026-03-22 05:21:05.236157,0.4626222188005234,0.4551450251755194,0.1793643883326077,0.3843206346455632,0.2134733158355205,0.6568051038278709,5,22,3,0.3919551144362675,Vehicular,Human Activity,0.28
Deoria,26.4239911,83.7638578,25.48,43,3.24,2026-03-22 05:21:06.131859,0.5439217799676649,0.5505283313240196,0.2838484980409229,0.443462438263582,0.3301254009915427,0.6439204403302478,5,22,3,0.4659678148196634,Vehicular,Human Activity,0.23
Ballia,25.8749595,84.1210329,24.68,47,2.72,2026-03-22 05:21:06.774515,0.4009546539379474,0.4033047301609815,0.1480191554201132,0.2764539949359288,0.2709244677748614,0.6905178884163123,5,22,3,0.3650291484410242,Vehicular,Human Activity,0.32
Fatehpur,25.8348023,80.9154547,28.3,25,5.08,2026-03-22 05:24:35.873530,0.3618446377704211,0.355790369477342,0.0583369612538093,0.1805062145587229,0.1388159813356663,0.7409932449337003,5,22,3,0.3060479015549437,Agricultural,Human Activity,0.4
Unnao,26.5673264,80.6198193,27.73,27,4.65,2026-03-22 05:24:36.916068,0.5388405573947185,0.5354939366002411,0.085328689595124,0.2437782206433103,0.1717701953922426,0.698836627470603,5,22,3,0.3790080378493732,Agricultural,Human Activity,0.31
Rae Bareli,26.25,81.25,27.77,28,4.93,2026-03-22 05:24:37.733470,0.4616983601508968,0.4593291255939295,0.0744449281671745,0.2171100135747913,0.1493146689997083,0.6898924193144859,5,22,3,0.3419649193001644,Agricultural,Human Activity,0.34
Sultanpur,26.2604732,82.2380532,26.3,41,2.82,2026-03-22 05:24:38.759551,0.5258295480791438,0.5364867739876605,0.1314758380496299,0.2637167971194485,0.257801108194809,0.6816987740805605,5,22,3,0.3995014732518753,Urban Dust,Human Activity,0.28
Ambedkar Nagar,26.4045941,82.6065154,25.69,45,2.57,2026-03-22 05:24:40.009961,0.4923396720301793,0.5025884689029148,0.1636917718763605,0.3011004245732605,0.2391367745698454,0.6394170627970979,5,22,3,0.3897123624582764,Urban Dust,Human Activity,0.27
Balrampur,27.4476988,82.3956245,25.52,43,3.47,2026-03-22 05:24:40.946087,0.6557856647932865,0.6490319835472662,0.1584675663909447,0.4111525094108926,0.2070574511519393,0.6394170627970979,5,22,3,0.4534853730152378,Agricultural,Human Activity,0.24
Siddharthnagar,27.2511724,82.8716528,25.72,42,3.56,2026-03-22 05:24:41.866799,0.364308260836092,0.3486277568966739,0.0709621245102307,0.2843100443828283,0.0886555847185768,0.6387290467850889,5,22,3,0.2992654696882484,Agricultural,Human Activity,0.36
Sant Kabir Nagar,26.755082,83.0398545,25.35,45,2.78,2026-03-22 05:24:42.794891,0.3921010085456924,0.3913197645557053,0.1462777535916413,0.290914517324707,0.1974336541265675,0.6466099574681011,5,22,3,0.3441094426020691,Vehicular,Human Activity,0.31
Mau,26.0390905,83.4985846,25.5,43,3.08,2026-03-22 05:24:43.987368,0.5081222572946339,0.527125735763421,0.3025685676969961,0.3883738170195149,0.3904928550597841,0.6561796347260446,5,22,3,0.4621438112600657,Vehicular,Human Activity,0.24
Azamgarh,26.023639,83.0293105,25.71,43,2.87,2026-03-22 05:24:44.869986,0.460697513280468,0.4769165307425005,0.2102742707879843,0.3084654709297287,0.2887139107611549,0.652489367025269,5,22,3,0.3995928439211842,Vehicular,Human Activity,0.27
Bhadohi,25.424304,82.4883923,27.08,37,3.13,2026-03-22 05:24:46.235663,0.2290399568865963,0.2248776682504787,0.0483239007400957,0.1332640152499783,0.1382327209098862,0.7231673755316488,5,22,3,0.249484272928114,Agricultural,Human Activity,0.48
Chitrakoot,25.217139,81.1045927,27.78,26,4.54,2026-03-22 05:24:46.831408,0.2465932712295018,0.2417559038366073,0.0496299521114497,0.1433440198711839,0.1172353455818022,0.7316112084063048,5,22,3,0.2550282835061416,Agricultural,Human Activity,0.48
Banda,25.4438537,80.5595237,28.02,27,4.25,2026-03-22 05:24:47.945686,0.2868581107090615,0.2850152471455925,0.0496299521114497,0.160943111034091,0.1245261009040536,0.715724293219915,5,22,3,0.2704494691873605,Agricultural,Human Activity,0.44
Mahoba,25.3615939,79.706011,27.19,30,3.46,2026-03-22 05:24:48.853476,0.2166448533374393,0.2203389830508474,0.0526774053112755,0.1448362841656317,0.1061533974919801,0.6741305979484614,5,22,3,0.2357969202176059,Urban Dust,Human Activity,0.48
Hamirpur (UP),25.75,80.0,28.12,26,4.0,2026-03-22 05:24:49.744683,0.3043344368311648,0.307212254450039,0.0631258162821071,0.182489481943602,0.1149023038786818,0.6604953715286466,5,22,3,0.2720932774857069,Urban Dust,Human Activity,0.4
Lalitpur,24.6999688,78.51862,26.35,30,2.14,2026-03-22 05:24:50.793942,0.158056817306952,0.1721154528047656,0.0679146713104048,0.1141245222347379,0.110527850685331,0.6549912434325744,5,22,3,0.2129550929624609,Vehicular,Human Activity,0.51
Jalaun,26.1048633,79.3919136,26.78,33,2.81,2026-03-22 05:24:51.688213,0.3770113172684579,0.383802567193816,0.1101436656508489,0.2041225004573068,0.3059200933216681,0.6957718288716538,5,22,3,0.3461286621272919,Urban Dust,Human Activity,0.34
Kasganj,27.7888528,78.8229701,27.09,31,3.81,2026-03-22 05:24:52.300920,0.626915081992455,0.6580384369902844,0.2268175881584676,0.3908962250527106,0.2312627588218139,0.6095196397297974,5,22,3,0.4572416217909215,Agricultural,Human Activity,0.24
Hathras,27.5724324,78.1116209,26.71,35,3.1,2026-03-22 05:24:53.176981,0.2990222495958117,0.3390539678037019,0.1314758380496299,0.2336885885105276,0.047535724701079,0.611833875406555,5,22,3,0.2771017073445509,Vehicular,Human Activity,0.37
Firozabad,27.1941954,78.4604956,26.87,33,2.91,2026-03-22 05:24:54.067537,0.3308953730079297,0.3626693142330331,0.0936003482803656,0.2233871511230492,0.0825313502478856,0.6187140355266451,5,22,3,0.2852995954031514,Urban Dust,Human Activity,0.36
Etawah,26.7155629,79.0917098,27.27,31,3.65,2026-03-22 05:24:54.973544,0.4590037724228192,0.4710304233742288,0.1210274270787984,0.2565731835292532,0.174103237095363,0.6138353765323993,5,22,3,0.3492622366721437,Urban Dust,Human Activity,0.29
Kannauj,26.9986675,79.6927946,26.9,32,3.83,2026-03-22 05:24:55.582541,0.660173993379013,0.6622225374086944,0.1240748802786243,0.3092260443443184,0.1901428988043161,0.6404803602702027,5,22,3,0.4310534524141948,Agricultural,Human Activity,0.26
Farrukhabad,27.4362003,79.4894778,26.77,33,4.06,2026-03-22 05:24:56.445568,0.7767341596735698,0.7808666052053046,0.130605137135394,0.3417477784517036,0.3260425780110819,0.7268576432324244,5,22,3,0.5138089836182463,Agricultural,Human Activity,0.25
Hardoi,27.3369978,80.0998232,26.93,31,4.25,2026-03-22 05:24:57.051977,0.8312418200015397,0.8249769519892207,0.1153678711362646,0.3373287506378226,0.2855059784193642,0.6928321240930699,5,22,3,0.514542249379547,Biomass Burning,Human Activity,0.27
Porbandar,21.6029751,69.8538067,30.33,42,2.96,2026-03-22 06:02:50.733073,0.2194934175071213,0.5909509963832352,0.0052242054854157,0.0,0.0113735783027121,0.3318113585188891,6,22,3,0.1931422593662289,Urban Dust,Human Activity,0.51
Surendranagar,22.8251395,71.6209736,30.96,40,3.48,2026-03-22 06:02:51.719091,0.1989375625529293,0.5392525352811857,0.0622551153678711,0.0418499241362091,0.0717410323709536,0.4611583687765824,6,22,3,0.2291990897476219,Urban Dust,Human Activity,0.39
Patan,23.773753,71.6798581,31.24,37,2.05,2026-03-22 06:02:52.594462,0.2306567095234429,0.7665413800439685,0.0409229429690901,0.0299709989052566,0.0408282298046077,0.4192519389542157,6,22,3,0.254695366700097,Urban Dust,Human Activity,0.5
Mehsana,23.6012628,72.3741516,32.09,34,2.68,2026-03-22 06:02:53.530092,0.2441296481638309,0.8523508970994965,0.0622551153678711,0.0651084179998847,0.0314960629921259,0.4761070803102327,6,22,3,0.288574536988907,Urban Dust,Human Activity,0.49
Palanpur,24.1709794,72.4366375,31.1,34,2.68,2026-03-22 06:02:54.447458,0.2917083686196012,0.8601517622863627,0.1205920766216804,0.1233410797626135,0.0361621463983668,0.5273329997498124,6,22,3,0.3265480722397395,Urban Dust,Human Activity,0.44
Godhra,22.7785001,73.6245157,32.08,22,2.57,2026-03-22 06:02:55.403423,0.4252059434906458,0.5357066874689738,0.3378319547235525,0.3529010697754815,0.2018081073199183,0.6955216412309232,6,22,3,0.4248292340015825,Vehicular,Human Activity,0.27
Dahod,22.9194099,74.1342725,32.1,17,2.46,2026-03-22 06:02:56.092408,0.3636923550696743,0.4234451457343451,0.3208532868959513,0.3277507826454375,0.1714785651793526,0.6742556917688266,6,22,3,0.3802459712155979,Vehicular,Human Activity,0.3
Bharuch,21.7080427,72.9956936,33.38,17,3.02,2026-03-22 06:02:57.107200,0.3831703749326352,0.5454223104744345,0.3030039181541141,0.2194384158872221,0.5558471857684457,0.6175881911433576,6,22,3,0.4374117327267015,Industrial,Human Activity,0.24
Navsari,20.952407,72.9323831,33.12,22,2.58,2026-03-22 06:02:58.086241,0.4308260836092077,0.521452379263882,0.2250761863299956,0.2028059999615879,0.5692621755613883,0.7222917187890918,6,22,3,0.4452857572525255,Industrial,Human Activity,0.27
Valsad,20.4321957,73.1409893,35.69,11,2.75,2026-03-22 06:02:59.022538,0.4945723304334435,0.59236933550812,0.2895080539834567,0.2925845545162963,0.5237678623505395,0.7967850888166125,6,22,3,0.4982645376014115,Urban Dust,Human Activity,0.27
Chhapra (Bihar),25.7800413,84.7400786,25.45,45,2.56,2026-03-22 06:02:59.949274,0.231426591731465,0.2240266647755478,0.0404875925119721,0.1448326195094781,0.1073199183435404,0.6976482361771329,6,22,3,0.240956937174856,Agricultural,Human Activity,0.48
Hajipur,25.6905702,85.2090351,25.18,47,2.78,2026-03-22 06:03:00.875589,0.2101778427900531,0.2040280831146727,0.0513713539399216,0.1500470547563716,0.0752405949256343,0.6646860145108833,6,22,3,0.2259251573395894,Agricultural,Human Activity,0.49
Begusarai,25.5125411,86.0883392,26.46,44,1.94,2026-03-22 06:03:01.494452,0.2410501193317422,0.2339550386497411,0.0452764475402699,0.1779726122111894,0.084572761738116,0.7066549912434327,6,22,3,0.2482469951190819,Agricultural,Human Activity,0.47
Purnia,25.7758723,87.4087667,26.35,46,3.53,2026-03-22 06:03:02.166109,0.3654630841481253,0.3791220480816963,0.2533739660426643,0.454904257975301,0.1831437736949547,0.5639854891168377,6,22,3,0.3666654365099299,Vehicular,Human Activity,0.26
Kishanganj,26.2984144,87.9466715,24.49,55,1.87,2026-03-22 06:03:03.282738,0.2712295018862113,0.2689170980781505,0.2063561166739224,0.3959321643267328,0.2881306503353747,0.7174130597948462,6,22,3,0.3579964318492063,Vehicular,Human Activity,0.33
Buxar,25.5044834,84.1097525,26.95,39,3.96,2026-03-22 06:03:03.851896,0.2718454076526291,0.2750868732713992,0.1236395298215063,0.1386578831121439,0.4389034703995333,0.7551913935451589,6,22,3,0.3338874263003951,Industrial,Human Activity,0.38
Sasaram,24.9509656,84.0148733,28.09,34,4.37,2026-03-22 06:03:04.709563,0.251982446685657,0.2605488972413304,0.2533739660426643,0.1031651525918528,0.8413531641878099,0.7831498623967976,6,22,3,0.415595581524352,Industrial,Human Activity,0.34
Motihari,26.6506888,84.9114654,25.31,48,1.61,2026-03-22 06:03:06.102857,0.625144352914004,0.6003120346074747,0.1393121462777536,0.4613766877292719,0.1627296587926509,0.7349887415561672,6,22,3,0.4539772703128871,Agricultural,Human Activity,0.27
Pithampur,22.6105576,75.6790283,28.93,19,2.13,2026-03-22 06:20:20.825739,0.1596735699437985,0.1882136018722076,0.064431867653461,0.1102329690590969,0.0711577719451735,0.6670627970978235,6,22,3,0.2101287629285935,Urban Dust,Human Activity,0.53
Neemuch,24.6305517,75.1829,29.37,19,2.95,2026-03-22 06:20:21.745196,0.2953268149973054,0.3383447982412595,0.1105790161079669,0.2216375055217316,0.1332750072907553,0.653177383037278,6,22,3,0.2920567541993827,Urban Dust,Human Activity,0.37
Mandsaur,24.2628148,75.385692,29.79,20,2.73,2026-03-22 06:20:22.748190,0.2797751943952574,0.3191972200553152,0.1175446234218546,0.2242591276624349,0.1440653251676873,0.6838879159369528,6,22,3,0.2947882344399171,Vehicular,Human Activity,0.39
Ashoknagar,24.6186095,77.8786983,26.96,25,0.33,2026-03-22 06:20:23.690712,0.1963969512664562,0.2021133252960783,0.0666086199390509,0.142028540150191,0.1484397783610382,0.700400300225169,6,22,3,0.2426645858729973,Vehicular,Human Activity,0.48
Datia,25.9182947,78.6644962,29.02,26,2.57,2026-03-22 06:20:24.637528,0.2823158056817307,0.2871427558329197,0.0783630822812364,0.1737184781147367,0.1356080489938757,0.7605078809106831,6,22,3,0.2862760086358637,Urban Dust,Human Activity,0.44
Shivpuri Rural,25.5827935,85.0978318,25.8,44,3.02,2026-03-22 06:20:25.296227,0.2151820771421972,0.2097014396142117,0.042228994340444,0.1350855628325042,0.1079031787693205,0.6914560920690518,6,22,3,0.2335928907946216,Agricultural,Human Activity,0.49
Chhatarpur,24.760609,79.6781776,28.33,25,4.13,2026-03-22 06:20:27.170514,0.157363923319732,0.165378341961563,0.0282977797126687,0.1098680546219294,0.068533100029163,0.7025268951713786,6,22,3,0.2053280158027391,Urban Dust,Human Activity,0.57
Panna,24.4498931,80.1462723,28.16,26,4.86,2026-03-22 06:20:27.906409,0.145661713757795,0.1545280476561946,0.0274270787984327,0.1095127431962663,0.0562846310877807,0.6885163872904678,6,22,3,0.1969884336311561,Urban Dust,Human Activity,0.58
Sagar Rural,14.167839,75.0322343,33.17,22,3.17,2026-03-22 06:20:29.195194,0.2667641850796827,0.4367066165520176,0.0074009577710056,0.0391706839264793,0.037037037037037,0.4918689016762572,6,22,3,0.2131580636737466,Urban Dust,Human Activity,0.38
Dewas,22.8057498,76.2940408,29.87,19,0.39,2026-03-22 06:20:30.100425,0.1656786511663715,0.1968654705340047,0.0705267740531127,0.1284114698369408,0.0874890638670166,0.6340380285213911,6,22,3,0.2138349096631395,Vehicular,Human Activity,0.49
Shajapur,23.4171002,76.6074794,30.44,18,0.43,2026-03-22 06:20:30.975709,0.1930864577719608,0.209772356570456,0.0896821941663038,0.1550406207386636,0.1219014289880431,0.6344133099824869,6,22,3,0.233982728036319,Vehicular,Human Activity,0.45
Agar Malwa,23.935092,76.1449595,29.36,19,0.95,2026-03-22 06:20:31.879701,0.2512125644776349,0.2853698319268137,0.1697866782760121,0.2321816121535713,0.1857684456109652,0.6907680760570428,6,22,3,0.30251453475034,Vehicular,Human Activity,0.38
Jalore,25.2093483,72.3178889,30.89,35,2.56,2026-03-22 06:20:32.796121,0.229655862653014,0.7011559463867811,0.0905528950805398,0.0885589720936485,0.0186643336249635,0.4456467350512885,6,22,3,0.2623724574817059,Urban Dust,Human Activity,0.45
Baran,24.9208165,76.6821985,28.79,22,1.22,2026-03-22 06:20:33.846413,0.187466317653399,0.1959435501028296,0.0875054418807139,0.1440163635316035,0.1501895596383785,0.6495496622466851,6,22,3,0.2357784825089349,Vehicular,Human Activity,0.46
Jhalawar,24.3132368,76.5221078,29.31,21,1.19,2026-03-22 06:20:34.445720,0.2075602432827777,0.2267215091128288,0.1092729647366129,0.1769835020262354,0.1376494604841061,0.660245183887916,6,22,3,0.2530721439217462,Vehicular,Human Activity,0.43
Nagaur,26.9873443,73.7389011,27.34,30,2.04,2026-03-22 06:20:35.055750,0.2587574101162522,0.5408836252748032,0.2629516760992599,0.2065991895058289,0.0309128025663458,0.4477107830873155,6,22,3,0.2913025811083009,Urban Dust,Human Activity,0.31
Sirohi,24.8114047,72.8300257,30.13,32,2.41,2026-03-22 06:20:35.667876,0.299099237816614,0.664775547833487,0.2320417936438833,0.200971824764246,0.0597841936424613,0.5058168626469853,6,22,3,0.3270815767246128,Urban Dust,Human Activity,0.34
Tonk Rural,27.018856,75.999834,26.2,32,1.85,2026-03-22 06:20:38.087673,0.2557548695049657,0.3685554216013049,0.1040487592511972,0.1859335087483434,0.0822397200349956,0.6399799849887416,6,22,3,0.2727520440215914,Urban Dust,Human Activity,0.39
Dungarpur,23.8538893,73.7087177,31.1,19,1.03,2026-03-22 06:20:38.941221,0.4683963353606897,0.6110914119565989,0.5398345668262952,0.4863061055947144,0.2216389617964421,0.613209907430573,6,22,3,0.4900795481608855,Urban Dust,Human Activity,0.21
Banswara,23.4915047,74.3502172,31.8,18,1.97,2026-03-22 06:20:39.843043,0.3787820463469089,0.4482660804198283,0.2546800174140183,0.326867305587032,0.1192767570720326,0.6598073555166376,6,22,3,0.3646132603927429,Vehicular,Human Activity,0.3
Alappuzha,9.5003416,76.4123364,32.9,53,1.72,2026-03-22 06:22:56.801126,0.1140965432288859,0.1169420608467484,0.0112994350282485,0.046910711199032,0.0201224846894138,0.4361396047035277,6,22,3,0.124251806615976,Urban Dust,Human Activity,0.59
Kasaragod Town,12.5035577,74.9907022,30.73,57,4.72,2026-03-22 06:22:57.895609,0.1700669797520979,0.2840224097581731,0.0,0.0041581039814085,0.0011665208515602,0.3542031523642733,6,22,3,0.1356028611179188,Urban Dust,Human Activity,0.44
Kanhangad,12.3135605,75.092463,28.97,68,5.37,2026-03-22 06:22:58.846529,0.1725306028177688,0.2877810084391178,0.0,0.0040716768778689,0.0011665208515602,0.3588941706279711,6,22,3,0.1374073299357144,Urban Dust,Human Activity,0.44
Taliparamba,12.0994756,75.4705736,36.04,32,2.29,2026-03-22 06:22:59.771462,0.1916236815767187,0.3206864761364442,0.0039113428943937,0.0102176042406898,0.0072907553222513,0.3669001751313486,6,22,3,0.1501050058836411,Urban Dust,Human Activity,0.41
Payyannur,12.1511877,75.256029,33.75,43,4.47,2026-03-22 06:23:00.735133,0.1833859419508815,0.3096943479185873,0.0021729682746631,0.0064820327654752,0.0040828229804607,0.3580185138854141,6,22,3,0.1439727712959136,Urban Dust,Human Activity,0.41
Cherthala,9.6912036,76.3257168,29.12,68,3.24,2026-03-22 06:23:01.474071,0.090384171221803,0.1002765761293525,0.0069534984789222,0.0216547909424395,0.0104986876640419,0.3699649737302978,6,22,3,0.0999554496944761,Urban Dust,Human Activity,0.62
Mavelikkara,9.2504893,76.5402433,32.88,51,2.38,2026-03-22 06:23:02.550110,0.1107090615135884,0.1104886178285228,0.0130378096479791,0.0573587877158276,0.0207057451151939,0.4507755816862647,6,22,3,0.1271792672512294,Agricultural,Human Activity,0.59
Kayamkulam,9.1723603,76.500061,30.96,58,2.9,2026-03-22 06:23:03.235740,0.1072445915774886,0.1040351748102971,0.014341590612777,0.0678260702556321,0.021289005540974,0.4653490117588191,6,22,3,0.1300142407593313,Agricultural,Human Activity,0.6
Adoor,9.1581862,76.7732614,36.51,36,0.31,2026-03-22 06:23:04.349986,0.135037339287089,0.1297071129707113,0.019122120817036,0.0933892868803656,0.0320793234179061,0.5253940455341506,6,22,3,0.1557882048178764,Agricultural,Human Activity,0.56
Kottarakkara,9.0054869,76.7831987,36.49,35,0.86,2026-03-22 06:23:05.191069,0.135037339287089,0.1297071129707113,0.019122120817036,0.0933892868803656,0.0320793234179061,0.5253940455341506,6,22,3,0.1557882048178764,Agricultural,Human Activity,0.56
Attingal,8.6985965,76.8134401,31.26,55,3.61,2026-03-22 06:23:06.168683,0.1299561167141427,0.1207715764839373,0.0225988700564971,0.1222271304281022,0.0341207349081364,0.5573555166374781,6,22,3,0.1645049908713823,Vehicular,Human Activity,0.56
Nedumangad,8.6970387,77.0424541,36.26,31,1.62,2026-03-22 06:23:07.168744,0.1356532450535068,0.1286433586270477,0.0260756192959582,0.1258282597422551,0.0367454068241469,0.5527895921941457,6,22,3,0.16762258028951,Vehicular,Human Activity,0.55
Varkala,8.7340434,76.7252855,30.4,58,2.95,2026-03-22 06:23:07.832770,0.1094772499807529,0.1015530813417488,0.019122120817036,0.1011581231874315,0.026538349372995,0.513947960970728,6,22,3,0.1452994809451154,Vehicular,Human Activity,0.59
Paravur (Kerala),10.176323,76.2205816,32.79,50,2.91,2026-03-22 06:23:08.772729,0.0926938178458695,0.1106304517410112,0.0082572794437201,0.0121574125645802,0.0113735783027121,0.3518889166875156,6,22,3,0.0978335760975681,Urban Dust,Human Activity,0.6
Chalakudy,10.3041869,76.3371037,36.43,35,2.07,2026-03-22 06:23:09.378339,0.1089383324351374,0.1380043968512871,0.0108648413733159,0.0103040313442295,0.0131233595800524,0.3525769326995246,6,22,3,0.1056353157139245,Urban Dust,Human Activity,0.56
Irinjalakuda,10.3404997,76.2808307,36.36,35,2.02,2026-03-22 06:23:10.010366,0.1089383324351374,0.1380043968512871,0.0108648413733159,0.0103040313442295,0.0131233595800524,0.3525769326995246,6,22,3,0.1056353157139245,Urban Dust,Human Activity,0.56
Guruvayur,10.5972429,76.0459148,29.28,65,3.92,2026-03-22 06:23:10.649316,0.1237200708291631,0.166867598042692,0.0121686223381138,0.004004455797338,0.0134149897929425,0.3398799099324494,6,22,3,0.1100092744554498,Urban Dust,Human Activity,0.51
Tirur,10.9166828,75.923986,32.67,51,3.04,2026-03-22 06:23:11.340538,0.15520825313727,0.2284944330189348,0.0112994350282485,0.002496782991146,0.0139982502187226,0.3396297222917188,6,22,3,0.1251878127810068,Urban Dust,Human Activity,0.45
Kottakkal,11.0004806,76.004758,35.19,40,2.29,2026-03-22 06:23:12.232490,0.1774578489491107,0.2596978937663995,0.0117340286831812,0.0128296233698888,0.0189559638378536,0.3552039029271954,6,22,3,0.1393132102556049,Urban Dust,Human Activity,0.42
Perinthalmanna,10.990946,76.2299237,37.11,33,1.16,2026-03-22 06:23:13.127174,0.1619062283470629,0.2248067512942344,0.0152107779226423,0.0131465227495342,0.021289005540974,0.3605829372029022,6,22,3,0.1328237038428917,Urban Dust,Human Activity,0.45
Mananthavady,11.8298756,75.9418934,32.83,34,1.24,2026-03-22 06:23:14.048405,0.215490030025406,0.336997376072619,0.0099956540634506,0.0262450304415464,0.0250801983085447,0.3965474105579185,6,22,3,0.1683926165782475,Urban Dust,Human Activity,0.39
Sulthan Bathery,11.7263962,76.3279924,32.14,30,1.42,2026-03-22 06:23:14.915111,0.2375856493956424,0.3326005247854762,0.0199913081269013,0.0503293832946011,0.0522018081073199,0.4347635726795096,6,22,3,0.1879120410649084,Urban Dust,Human Activity,0.39
Kalpetta,11.610278,76.08281,31.84,37,1.69,2026-03-22 06:23:15.498320,0.222188005235199,0.3281327565420892,0.014341590612777,0.0354831275087867,0.0364537766112569,0.4073680260195147,6,22,3,0.1739945470882706,Urban Dust,Human Activity,0.39
Ambikapur,23.1226343,83.1981886,27.64,20,4.92,2026-03-22 06:42:26.441675,0.2317345446146739,0.2342387064747181,0.1269013472403303,0.1024545297405266,0.3174186778593914,0.8881661245934451,6,22,3,0.3168189884205142,Industrial,Human Activity,0.47
Jagdalpur,19.0870758,82.0235715,29.88,19,3.13,2026-03-22 06:42:27.479377,0.2338132265763338,0.2394156442805474,0.0317253368100825,0.126625309697121,0.0939139559286463,0.6391668751563673,6,22,3,0.2274433914081831,Urban Dust,Human Activity,0.47
Kanker,20.2692747,81.4932111,30.48,17,2.51,2026-03-22 06:42:28.423146,0.1537454769420278,0.1634635841429685,0.0243372446762277,0.0632166247335164,0.0821965722280517,0.6729422066549913,6,22,3,0.1933169515629639,Urban Dust,Human Activity,0.58
Dantewada,18.8640648,81.3833947,33.15,18,1.14,2026-03-22 06:42:29.372292,0.2164908768958349,0.2287781008439117,0.0656236418948283,0.1253577121785391,0.1406086044071353,0.6047660745559169,6,22,3,0.230270835129361,Urban Dust,Human Activity,0.44
Sukma,18.2665423,81.2925234,34.74,16,0.74,2026-03-22 06:42:30.307483,0.1650627453999537,0.1758740514857102,0.0934376358105171,0.1306393685059634,0.1341378104232249,0.5142606955216412,6,22,3,0.2022353845245018,Vehicular,Human Activity,0.42
Kondagaon,19.5885769,81.6628742,31.21,17,1.8,2026-03-22 06:42:31.214803,0.2328893679267072,0.2537408694418835,0.029986962190352,0.0989014154838957,0.1114025883175935,0.6574931198398799,6,22,3,0.2307357205333853,Urban Dust,Human Activity,0.47
Balod,20.7277192,81.1446948,31.57,16,3.53,2026-03-22 06:42:32.154069,0.1308799753637693,0.1377916459825544,0.0265102129508909,0.0604125453742293,0.0613850996852046,0.7242306730047536,6,22,3,0.1902016920602337,Urban Dust,Human Activity,0.63
Bemetara,21.6783867,81.4412578,31.52,17,0.7,2026-03-22 06:42:33.076071,0.1964739394872584,0.1954471314091199,0.1247283789656671,0.1093014769431693,0.2481636935991605,0.8067300475356517,6,22,3,0.2801407779900045,Industrial,Human Activity,0.48
Kawardha,22.0059254,81.2332055,32.5,14,4.27,2026-03-22 06:42:33.981478,0.2346600970051582,0.2340968725622296,0.1899174272055628,0.1500470547563716,0.3623644630989857,0.8169251938954215,6,22,3,0.3313351847539549,Industrial,Human Activity,0.41
Mungeli,22.0661098,81.6874282,33.35,13,4.06,2026-03-22 06:42:34.897077,0.2560628223881745,0.2576413020353166,0.2946544980443285,0.18071907350145,0.502973067506121,0.7855891918939205,6,22,3,0.3796066592282185,Industrial,Human Activity,0.34
Surajpur,23.3577769,82.9761277,28.37,19,4.89,2026-03-22 06:42:35.560212,0.2221110170143967,0.2240975817317921,0.1299435028248587,0.1052970211458313,0.285764253235397,0.9005504128096071,6,22,3,0.3112939647936472,Industrial,Human Activity,0.48
Korea (Baikunthpur),23.2601126,82.5646492,29.1,17,5.56,2026-03-22 06:42:36.465707,0.1778427900531218,0.1782143110417701,0.069534984789222,0.0974129487007125,0.1455054214760406,0.8462596947710782,6,22,3,0.2524616918053242,Urban Dust,Human Activity,0.56
Jashpur,22.770251,83.9708013,28.84,18,4.09,2026-03-22 06:42:37.330285,0.3074139656632534,0.3133820296432877,0.1216862233811386,0.1106170895192732,0.3751311647429171,0.907305479109332,6,22,3,0.3559226586765336,Industrial,Human Activity,0.42
Gariaband,20.4292147,82.2525584,31.04,16,2.88,2026-03-22 06:42:38.202577,0.162676110555085,0.1697751932487057,0.0269448066058235,0.0559471450246797,0.1059811122770199,0.7265449086815112,6,22,3,0.2079782127321375,Urban Dust,Human Activity,0.58
Mahasamund,21.1922846,82.4890263,31.09,16,4.62,2026-03-22 06:42:39.072979,0.1525136654091923,0.1532515424437983,0.0304215558452846,0.0562256323583075,0.117523609653725,0.7566925193895422,6,22,3,0.2111047541833083,Urban Dust,Human Activity,0.6
Pakur,24.5325909,87.593232,28.15,35,3.03,2026-03-22 06:42:39.665376,0.6224497651859264,0.6167647684561379,0.6410256410256411,0.488793285574356,1.0,0.8850387790843133,6,22,3,0.7090120398877291,Industrial,Human Activity,0.24
Sahibganj,25.0320437,87.691764,27.02,39,3.37,2026-03-22 06:42:40.227685,0.3223496804988836,0.3265016665484717,0.0943068231203824,0.3484836844834539,0.0645330535152151,0.7235426569927447,6,22,3,0.3132862608598586,Vehicular,Human Activity,0.38
Godda,24.8645886,87.2984838,27.39,38,3.5,2026-03-22 06:42:40.745545,0.4098852875510047,0.4094745053542302,0.2103433289873968,0.3301995505790616,0.3256383350821966,0.8329372029021765,6,22,3,0.4197463684093444,Vehicular,Human Activity,0.33
Latehar,23.6880057,84.4969551,28.33,26,4.19,2026-03-22 06:42:41.626410,0.2194164292863191,0.2150911282887738,0.0656236418948283,0.0859373499529452,0.2002448408534452,0.8596447335501627,6,22,3,0.2743263539710791,Agricultural,Human Activity,0.52
Gumla,23.1603759,84.4599565,26.02,23,3.24,2026-03-22 06:42:43.273236,0.2570636692586034,0.2537408694418835,0.1169056931768796,0.0962317782856703,0.313571178733823,0.9066174630973228,6,22,3,0.3240217753323638,Industrial,Human Activity,0.47
Simdega,22.5904573,84.5464805,28.26,21,3.73,2026-03-22 06:42:43.824849,0.2505196704904149,0.2479965959861002,0.0956106040851803,0.092313749591872,0.2859391395592865,0.9126219664748562,6,22,3,0.3141669543646184,Industrial,Human Activity,0.48
Khunti,22.9281801,85.2814475,25.73,31,3.04,2026-03-22 06:42:44.707808,0.1845407652629147,0.1809800723352953,0.0352020860495436,0.0823746326848099,0.1121021336131514,0.7974731048286215,6,22,3,0.2321121324623894,Agricultural,Human Activity,0.57
Saraikela,22.7464225,85.9168929,29.49,27,2.31,2026-03-22 06:42:45.580083,0.1740703672338132,0.1674349336926459,0.0417209908735332,0.0878003341848003,0.1217208814270724,0.8058543907930948,6,22,3,0.2331003163674933,Agricultural,Human Activity,0.58
West Singhbhum (Chaibasa),22.5465466,85.8055394,30.05,24,2.34,2026-03-22 06:42:46.142528,0.2068673492955577,0.2028224948585206,0.0969143850499782,0.0886357961856838,0.236096537250787,0.8386289717287965,6,22,3,0.278327589061554,Industrial,Human Activity,0.5
Karimganj Town,24.8647214,92.3681114,25.95,61,2.78,2026-03-22 06:46:07.974077,0.1396566325352221,0.1277923551521168,0.0378096479791395,0.1363147483050684,0.0355019237495627,0.5363397548161121,6,22,3,0.1689025104228703,Vehicular,Human Activity,0.53
Hailakandi,24.6846916,92.5645836,26.58,57,3.32,2026-03-22 06:46:08.965383,0.0863037955192855,0.0758102262250904,0.0178183398522381,0.1296214492864962,0.0097936341378104,0.4208156117087816,6,22,3,0.1233605094549504,Vehicular,Human Activity,0.57
Dhubri,26.132275,90.1249962,24.88,56,2.47,2026-03-22 06:46:09.896967,0.1681422742320424,0.1551663002623927,0.1034332898739678,0.2189966773580194,0.021161245190626,0.4455841881411059,6,22,3,0.1854139958430257,Vehicular,Human Activity,0.4
Kokrajhar,26.4912104,90.1215209,25.97,55,1.38,2026-03-22 06:46:10.876545,0.1755331434290553,0.1631089993617474,0.0521512385919165,0.243618798855321,0.0134662469394893,0.5013134851138354,6,22,3,0.1915319853818941,Vehicular,Human Activity,0.44
Nalbari,26.3533632,91.3983662,25.94,54,1.13,2026-03-22 06:46:11.500690,0.142120255600893,0.1256648464647897,0.0334637114298131,0.1823419824456949,0.0008744316194473,0.497247935951964,6,22,3,0.1636188605854337,Vehicular,Human Activity,0.51
Mangaldoi,26.3939266,92.0390088,24.75,61,2.09,2026-03-22 06:46:12.154461,0.1873893294325967,0.1694915254237288,0.034767492394611,0.1582096145351182,0.0078698845750262,0.4906179634726044,6,22,3,0.1747243016389476,Vehicular,Human Activity,0.47
Biswanath Chariali,26.72667,93.147765,21.76,74,3.53,2026-03-22 06:46:13.054532,0.0649010701362691,0.052762215445713,0.0182529335071707,0.1085140299998079,0.0062959076600209,0.4360145108831624,6,22,3,0.1144567779386907,Vehicular,Human Activity,0.63
North Lakhimpur,27.254431,94.1120339,19.06,85,0.54,2026-03-22 06:46:13.960676,0.0989298637308491,0.0897808666052053,0.0638852672750977,0.2444446578447,0.0087443161944735,0.2515636727545659,6,22,3,0.1262247740674819,Vehicular,Human Activity,0.33
Sivasagar,26.9834936,94.6394226,18.98,90,2.1,2026-03-22 06:46:14.857375,0.052121025483101,0.0407772498404368,0.0325945241199478,0.127662434939597,0.0038474991255683,0.3742807105328997,6,22,3,0.1052139073402584,Vehicular,Human Activity,0.59
Golaghat,26.5108262,93.9743686,19.81,85,2.18,2026-03-22 06:46:15.753667,0.0760643621525906,0.0648890149634777,0.025206431986093,0.1346822363493191,0.0064707939839104,0.3771578684013009,6,22,3,0.1140784513061153,Vehicular,Human Activity,0.55
Bokakhat,26.6935737,93.5453657,19.72,83,3.06,2026-03-22 06:46:16.660489,0.0901532065593963,0.0785759875186157,0.023902651021295,0.1483761307546046,0.0076949982511367,0.4171878909181887,6,22,3,0.1276484775038729,Vehicular,Human Activity,0.54
Tura,25.5125616,90.2171526,25.03,52,2.06,2026-03-22 06:46:17.682443,0.1361151743783201,0.1260194312460109,0.1408083441981747,0.163222386540419,0.0402238544945785,0.3886664998749062,6,22,3,0.1658426151220682,Vehicular,Human Activity,0.39
Williamnagar,25.506085,90.60381,24.41,57,1.82,2026-03-22 06:46:18.547629,0.08576487797367,0.0772994823062194,0.0312907431551499,0.1196439203334165,0.0101434067855893,0.4227545659244434,6,22,3,0.1244828327464147,Vehicular,Human Activity,0.57
Baghmara,23.789329,86.2041444,27.15,33,3.4,2026-03-22 06:46:19.426642,0.1859265532373546,0.1801290688603645,0.0382442416340721,0.0962413812971747,0.0935641832808674,0.7634475856892671,6,22,3,0.2262588356665167,Agricultural,Human Activity,0.56
Resubelpara,25.889284,90.5853712,25.84,51,2.26,2026-03-22 06:46:20.357465,0.1115559319424128,0.1003474930855967,0.0773576705780095,0.1525246317245087,0.0131164742917103,0.4164998749061797,6,22,3,0.145233679421403,Vehicular,Human Activity,0.48
Khliehriat,25.2453874,92.3194771,19.72,72,2.27,2026-03-22 06:46:20.954675,0.1927015166679498,0.1782143110417701,0.0508474576271186,0.1435842280139051,0.0374256733123469,0.6158368776582438,6,22,3,0.203101677386889,Vehicular,Human Activity,0.51
Nongstoin,25.5726394,91.2540803,14.93,82,2.38,2026-03-22 06:46:21.840664,0.1876202940950034,0.1750939649670236,0.105606258148631,0.1602166439395394,0.0823714585519412,0.5544158118588942,6,22,3,0.2108874052601721,Vehicular,Human Activity,0.44
Jowai,25.4434703,92.1973181,16.64,74,3.92,2026-03-22 06:46:22.707543,0.2441296481638309,0.2271470108502943,0.0643198609300304,0.1585937349952944,0.0489681706890521,0.6656242181636227,6,22,3,0.2347971072986875,Agricultural,Human Activity,0.47
Aalo,28.1385744,94.7634153,13.16,97,0.16,2026-03-22 06:46:23.599945,0.0299484178920625,0.0208495851358059,0.0256410256410256,0.1539938924846831,0.0010493179433368,0.4699149362021517,6,22,3,0.1168995292165109,Natural,Natural,0.67
Pasighat,28.0589676,95.3324944,18.77,93,0.27,2026-03-22 06:46:24.474078,0.0284856416968203,0.0200694986171193,0.0495436766623207,0.1683984097412948,0.0038474991255683,0.446584938704028,6,22,3,0.1194882774245252,Natural,Natural,0.62
Roing,28.1368472,95.8430824,17.49,92,0.41,2026-03-22 06:46:25.382996,0.0308722765416891,0.0209205020920502,0.0643198609300304,0.1654694912324504,0.0085694298705841,0.3338754065549162,6,22,3,0.1040044945369534,Natural,Natural,0.54
Tezu,27.9254195,96.1647135,17.71,99,0.53,2026-03-22 06:46:25.971405,0.0254831010855339,0.0149634777675342,0.0451977401129943,0.1333186087156932,0.0062959076600209,0.3019764823617713,6,22,3,0.0878725529505913,Natural,Natural,0.57
Kumbakonam,10.9604108,79.3820861,35.17,34,3.26,2026-03-22 06:50:24.195744,0.0190160905381476,0.0198567477483866,0.025206431986093,0.0650796089653715,0.0019237495627841,0.2897798348761571,6,22,3,0.0701437439461566,Vehicular,Human Activity,0.69
Anantapur,14.6783221,77.6065039,35.02,24,1.01,2026-03-22 06:50:24.920259,0.3362075602432827,0.3700446776824339,0.0425901781833985,0.1132002996139589,0.0779993004547044,0.7441831373530148,6,22,3,0.2807041922551322,Urban Dust,Human Activity,0.44
Kozhikode,11.2450558,75.7754716,30.38,62,4.79,2026-03-22 06:50:26.103108,0.1843867888213103,0.3038791575065598,0.0030421555845284,0.001248391495573,0.0020986358866736,0.3274330748061046,6,22,3,0.1370147006834583,Urban Dust,Human Activity,0.4
Thoothukudi Port,8.7444267,78.1706155,29.95,60,5.02,2026-03-22 06:58:49.680366,0.1037801216413888,0.0972980639670945,0.0195567144719687,0.0948393416175312,0.0178384050367261,0.4917438078558919,6,22,3,0.1375094090984335,Vehicular,Human Activity,0.6
Karaikudi,10.0728444,78.7795194,33.49,39,3.2,2026-03-22 06:58:50.680071,0.0618985295249826,0.0611304162825331,0.0656236418948283,0.0805884725449901,0.0869185029730675,0.4375781836377284,6,22,3,0.132289624476355,Vehicular,Human Activity,0.55
Paramakudi,9.4867151,78.6722718,34.49,34,4.21,2026-03-22 06:58:51.348809,0.0586650242512895,0.0532586341394227,0.0247718383311603,0.0710142700750955,0.0288562434417628,0.4916187140355267,6,22,3,0.1213641207123762,Vehicular,Human Activity,0.68
Theni,9.8692558,77.4222974,33.0,34,3.37,2026-03-22 06:58:52.433606,0.2485949649703595,0.2499822707609389,0.0747501086484137,0.1643171298519215,0.0779993004547044,0.7500000000000001,6,22,3,0.2609406291143897,Urban Dust,Human Activity,0.48
Bodinayakanur,10.0324451,77.350487,32.64,38,3.68,2026-03-22 06:58:52.991955,0.1712987912849334,0.1786398127792355,0.0460669274228596,0.1023296905909693,0.0479188527457152,0.6219039279459595,6,22,3,0.1946930004616121,Urban Dust,Human Activity,0.53
Udumalpet,10.5812766,77.2437652,34.58,31,5.27,2026-03-22 06:58:53.943893,0.2563707752713834,0.2745195376214453,0.091264667535854,0.1679374651890832,0.0673312346974466,0.7212284213159871,6,22,3,0.2631086836051999,Urban Dust,Human Activity,0.46
Dharapuram,10.7369082,77.5260968,34.59,32,4.62,2026-03-22 06:58:54.829162,0.2288859804449919,0.2277852634564924,0.07083876575402,0.1749092515412833,0.0500174886323889,0.6651238428821616,6,22,3,0.236260098785223,Vehicular,Human Activity,0.47
Kangeyam,10.9902543,77.6282496,33.7,34,3.74,2026-03-22 06:58:55.796146,0.2690738317037493,0.2727466137153393,0.0864841373315949,0.2056196823323794,0.052291010842952,0.7296722541906431,6,22,3,0.2693145883527764,Vehicular,Human Activity,0.45
Gobichettipalayam,11.4551821,77.4350666,33.94,40,1.6,2026-03-22 06:58:56.735121,0.1744553083378243,0.1804836536415857,0.0343328987396784,0.1144486911095319,0.0306051066806575,0.5945083812859645,6,22,3,0.1881390066325403,Urban Dust,Human Activity,0.53
Sathyamangalam,11.5523741,77.2653758,28.76,42,3.05,2026-03-22 06:58:57.767794,0.1932404342135653,0.2098432735267002,0.0412863972186006,0.1089461655175062,0.037075900664568,0.5930698023517639,6,22,3,0.197243662248784,Urban Dust,Human Activity,0.5
Kollegal,12.1560966,77.1071726,32.28,35,3.38,2026-03-22 06:58:58.479753,0.4031103241204095,0.4362811148145522,0.1525423728813559,0.2605585111490963,0.0981112277019937,0.8884788591443582,6,22,3,0.3731804016352942,Urban Dust,Human Activity,0.4
Chikmagalur,13.318014,75.7738743,30.99,25,3.23,2026-03-22 06:58:59.414953,0.2546000461929324,0.3652223246578257,0.0334637114298131,0.0548043866556552,0.0269324938789786,0.5531648736552415,6,22,3,0.2146979727450744,Urban Dust,Human Activity,0.43
Mudigere,13.1333335,75.6419184,33.75,23,0.75,2026-03-22 06:59:00.377364,0.2593733158826699,0.3775618750443231,0.0282485875706214,0.0535655981715866,0.0253585169639734,0.538091068301226,6,22,3,0.2136998269890667,Urban Dust,Human Activity,0.42
Koppa,13.533207,75.3633986,33.61,22,2.63,2026-03-22 06:59:01.311613,0.2301947801986295,0.3702574285511666,0.0147761842677096,0.0281560297309236,0.0166142007694998,0.4552164123092319,6,22,3,0.1858691726378602,Urban Dust,Human Activity,0.41
Kundgol,15.2588827,75.2500447,33.24,19,3.08,2026-03-22 06:59:02.305669,0.3209638925244437,0.4533011843131693,0.0273794002607561,0.0728676512954462,0.0362014690451206,0.6514260695521642,6,22,3,0.2603566111651834,Urban Dust,Human Activity,0.42
Nanjangud,12.1220681,76.6843409,33.11,31,2.29,2026-03-22 06:59:03.240380,0.4345985064285164,0.5017374654279838,0.1182094741416775,0.2384139666199319,0.095662819167541,0.8466349762321741,6,22,3,0.3725428680029708,Urban Dust,Human Activity,0.38
Gundlupet,11.808496,76.6916141,30.91,35,4.25,2026-03-22 06:59:03.894162,0.2442066363846331,0.2966456279696475,0.0451977401129943,0.1028674592352161,0.0507170339279468,0.5953840380285214,6,22,3,0.2225030892764932,Urban Dust,Human Activity,0.45
Kolar Gold Fields,12.9545994,78.2731252,31.29,30,3.43,2026-03-22 06:59:04.832667,0.1654476865039648,0.1634635841429685,0.0538896132116471,0.0963950294812453,0.0947883875480937,0.6329747310482863,6,22,3,0.2011598386560343,Agricultural,Human Activity,0.52
Hindupur,13.8306127,77.492635,32.57,28,1.47,2026-03-22 06:59:05.745993,0.3327430903071829,0.3397631373661442,0.044328552803129,0.1459945839015115,0.0631339629240993,0.746059544658494,6,22,3,0.2786704786600935,Urban Dust,Human Activity,0.45
Dharmavaram,14.4138405,77.7208432,35.21,25,0.82,2026-03-22 06:59:06.411111,0.3514512279621217,0.3760017020069499,0.0460669274228596,0.128392263813932,0.0767750961874781,0.7446209657242933,6,22,3,0.2872180305196057,Urban Dust,Human Activity,0.43
Tadipatri,14.9069559,78.0097071,36.18,26,4.17,2026-03-22 06:59:07.382248,0.3857109862191084,0.3968512871427558,0.050412863972186,0.1469740910749611,0.1135012242042672,0.8324368276207156,6,22,3,0.3209812133723324,Urban Dust,Human Activity,0.43
Markapur,15.7406698,79.2698502,34.62,32,3.34,2026-03-22 06:59:08.005420,0.1773038725075063,0.1834621658038437,0.0760538896132116,0.104653619375036,0.1421825813221406,0.6626219664748562,6,22,3,0.224379682516099,Urban Dust,Human Activity,0.49
Chirala,15.8361517,80.3636644,30.34,58,5.06,2026-03-22 06:59:08.942125,0.1269535761028562,0.1363733068576696,0.0525858322468492,0.0946568843989475,0.0718782791185729,0.5265824368276207,6,22,3,0.1681717192587527,Vehicular,Human Activity,0.52
Aranthangi,10.1686451,78.9927909,33.61,41,4.35,2026-03-22 07:01:22.332081,0.0414966510123951,0.0400680802779944,0.0478053020425901,0.073357404882171,0.0584018184997377,0.3355583618978892,7,22,3,0.0994479364354629,Vehicular,Human Activity,0.56
Devakottai,9.8960898,78.8066602,33.54,40,3.93,2026-03-22 07:01:22.969841,0.0444222034028793,0.0418410041841004,0.0378096479791395,0.0736358922157988,0.0456373491869207,0.3553430753502917,7,22,3,0.0997815287198551,Vehicular,Human Activity,0.59
Ilayangudi,9.6287836,78.6267482,34.27,35,3.47,2026-03-22 07:01:23.903723,0.0597428593425205,0.0558825615204595,0.0386788352890047,0.0742408819405765,0.048609896835111,0.4552288171267064,7,22,3,0.1220639753423964,Vehicular,Human Activity,0.62
Manamadurai,9.7298259,78.4182769,33.56,37,2.63,2026-03-22 07:01:24.896841,0.1154053429825236,0.1134671299907808,0.0686657974793568,0.1126529279582076,0.0587515299877601,0.5023753683324313,7,22,3,0.1618863494551767,Vehicular,Human Activity,0.52
Melur,10.0858443,78.3560235,33.7,36,3.34,2026-03-22 07:01:25.874432,0.090384171221803,0.0892135309552514,0.0517166449369839,0.0892503889219659,0.0657457597482077,0.5227013049491852,7,22,3,0.1515019667888995,Vehicular,Human Activity,0.58
Usilampatti,9.9709119,77.7932837,32.92,33,3.18,2026-03-22 07:01:26.551914,0.2209561937023635,0.2219700730444649,0.0786614515428074,0.1562794092227322,0.074313691204756,0.6743640627818871,7,22,3,0.2377574802498352,Vehicular,Human Activity,0.47
Cumbum,9.7394057,77.2853013,33.38,32,3.89,2026-03-22 07:01:27.549096,0.2943259681268765,0.2980639670945323,0.0721425467188179,0.1691858566846563,0.0799090750131141,0.736243911239401,7,22,3,0.274978554146233,Urban Dust,Human Activity,0.45
Periyakulam,10.1198663,77.5467069,33.53,36,2.91,2026-03-22 07:01:28.568387,0.1518977596427746,0.1514786185376923,0.0525858322468492,0.1166765897785545,0.0515824444833012,0.6145288351674785,7,22,3,0.1897916799761084,Vehicular,Human Activity,0.54
Vedaranyam,10.4279477,79.7489583,31.73,54,4.95,2026-03-22 07:01:29.583107,0.0025406112864731,0.0010637543436635,0.0139069969578444,0.063562333147675,0.0,0.1924349028805099,7,22,3,0.0455847664360277,Vehicular,Human Activity,0.7
Sirkazhi,11.2377794,79.7395752,33.15,47,5.78,2026-03-22 07:01:30.280547,0.0236353837862807,0.0260265229416353,0.0225988700564971,0.0710910941671308,0.0029725476481902,0.3021829334295508,7,22,3,0.0747512253382141,Vehicular,Human Activity,0.67
Mettur,11.7928257,77.8648624,33.11,39,2.76,2026-03-22 07:01:31.210758,0.2556778812841635,0.2557265442167222,0.0873533246414602,0.1886031459465688,0.0482601853470886,0.7661915930001805,7,22,3,0.2669687790726973,Vehicular,Human Activity,0.48
Bhavani,11.2264741,76.7675495,30.82,52,2.53,2026-03-22 07:01:32.306852,0.2194164292863191,0.2753705410963761,0.0373750543242068,0.0616033188007759,0.0342717258261933,0.4779601900294666,7,22,3,0.1843328765605563,Urban Dust,Human Activity,0.43
Komarapalayam,11.4425129,77.6939806,33.91,37,2.43,2026-03-22 07:01:33.267751,0.2678420201709138,0.2722501950216296,0.0838765754019991,0.1912151650757677,0.0468613393949991,0.7257201274881232,7,22,3,0.2646275704255721,Vehicular,Human Activity,0.46
Tiruchengode,11.3786608,77.8949223,33.25,35,2.66,2026-03-22 07:01:34.250810,0.4666256062822387,0.4723778455428693,0.1703607127335941,0.3307085101887951,0.074313691204756,0.9619941066810992,7,22,3,0.4127300787722254,Vehicular,Human Activity,0.39
Attur,10.2877695,77.8520822,33.57,35,2.45,2026-03-22 07:01:35.270438,0.1666025098159981,0.1672930997801574,0.059973924380704,0.1401751589298404,0.0547298478755027,0.6286006374406158,7,22,3,0.2028958630371364,Vehicular,Human Activity,0.52
Rasipuram,11.4537338,78.1784576,34.2,34,1.01,2026-03-22 07:01:36.190482,0.4545384556162906,0.4558541947379619,0.1734028683181225,0.3283941844162329,0.0755376814128344,1.0,7,22,3,0.4146212307502404,Vehicular,Human Activity,0.4
Sankari,23.3608528,87.7575015,28.56,37,3.53,2026-03-22 07:01:37.195804,0.3909461852336592,0.3767817885256365,0.0630160799652325,0.1958150075863791,0.1928658856443434,0.9182151662757831,7,22,3,0.3562733522051723,Agricultural,Human Activity,0.43
Edappadi,11.5838413,77.8347612,33.41,38,2.32,2026-03-22 07:01:37.928474,0.3611517437832011,0.3640876533579179,0.1303780964797914,0.2625367315190043,0.0617240776359503,0.8685429069697516,7,22,3,0.3414035349576028,Vehicular,Human Activity,0.42
Pennagaram,12.1125277,77.8677247,32.32,38,3.39,2026-03-22 07:01:38.585259,0.1637539456463161,0.1644564215303879,0.0821382007822685,0.1317725238634835,0.0491344640671446,0.6565036983582898,7,22,3,0.2079598757079817,Vehicular,Human Activity,0.53
Harur,12.0545748,78.4786186,34.99,29,2.31,2026-03-22 07:01:39.505292,0.1190237893602278,0.1207715764839373,0.0512820512820512,0.0950121958246105,0.0617240776359503,0.5831980275422455,7,22,3,0.1718352863548371,Vehicular,Human Activity,0.57
Palani,10.4511094,77.5154495,35.16,32,4.69,2026-03-22 07:01:40.649208,0.2032489029178535,0.2023969931210552,0.064754454584963,0.155520771313884,0.0507081657632453,0.6311864814480728,7,22,3,0.2179692948581789,Vehicular,Human Activity,0.48
Oddanchatram,10.4851135,77.7460054,34.13,33,3.87,2026-03-22 07:01:41.205350,0.208022172607591,0.2087795191830366,0.0686657974793568,0.1667658977855455,0.0531561461794019,0.6502495640146733,7,22,3,0.2259398495416008,Vehicular,Human Activity,0.48
Batlagundu,10.1636087,77.7590978,33.68,35,2.65,2026-03-22 07:01:42.098116,0.1361921625991223,0.1353804694702503,0.0499782703172533,0.1089557685290106,0.0528064346913796,0.6008178483372423,7,22,3,0.1806884923240431,Vehicular,Human Activity,0.55
Tiruchendur,8.495568,78.123324,30.74,55,5.23,2026-03-22 07:01:42.895857,0.0853799368696589,0.078363236649883,0.0156453715775749,0.0853611692626807,0.0125896135688057,0.4496361777617416,7,22,3,0.1211625842817241,Vehicular,Human Activity,0.62
Alangudi,10.3603703,78.9778724,33.23,40,3.12,2026-03-22 07:01:45.519704,0.0427284625452305,0.04233742287781,0.0430247718383311,0.0742600879635853,0.0423150900507081,0.3500511155210777,7,22,3,0.0991194917994571,Vehicular,Human Activity,0.59
Keeranur,10.5733857,78.7842652,33.2,38,2.83,2026-03-22 07:01:46.386630,0.0612826237585649,0.0630451741011275,0.0482398956975228,0.0829508133750744,0.0389928309144955,0.4333393469240484,7,22,3,0.1213084474618056,Vehicular,Human Activity,0.6
Kollam,8.8870533,76.5906696,29.56,66,4.72,2026-03-22 07:03:46.950442,0.1175610131649857,0.110843202609744,0.0152107779226423,0.0827203410989686,0.0145130267529288,0.4806061699440736,7,22,3,0.1369090885822238,Agricultural,Human Activity,0.59
